date	frac_aligned	frac_divergence	mutations_sequential	mutations_mature_H3	mutations_mature_H5	SA26_usage_increase	entry_in_293T_cells	ferret_sera_escape	ferret_sera_escape_increase	mouse_sera_escape	mouse_sera_escape_increase	stability	stability_increase	n_strains	strains	most_recent_date
2024.000	1.000	0.005	L131Q, A156E, T211I	L122Q, A144E, T199I	L115Q, A140E, T195I	0.285	0.711	0.016	0.256	0.848	0.996	-0.199	0.000	411	A/Cattle/USA/24-008749-002-v_HA/2024|SRR28752647|2024, A/Cattle/USA/24-008749-004-v_HA/2024|SRR28752549|2024, A/Cattle/USA/24-008749-006-v_HA/2024|SRR28752527|2024, A/Cattle/USA/24-008766-001-v_HA/2024|SRR28752476|2024, A/Cattle/USA/24-009027-001-v_HA/2024|SRR28752472|2024, A/Cattle/USA/24-009027-002-v_HA/2024|SRR28752470|2024, A/Cattle/USA/24-009581-002_HA/2024|SRR28752554|2024, A/Cattle/USA/24-010071-004_HA/2024|SRR28834854|2024, A/Cattle/USA/24-010786-002_HA/2024|SRR28912802|2024, A/Cattle/USA/24-010786-003_HA/2024|SRR28912801|2024, A/Cattle/USA/24-010930-002_HA/2024|SRR28912798|2024, A/Cattle/USA/24-012377-001_HA/2024|SRR28981000|2024, A/Cattle/USA/24-012377-002_HA/2024|SRR28980999|2024, A/Cattle/USA/24-012377-003_HA/2024|SRR28980998|2024, A/Cattle/USA/24-012377-004_HA/2024|SRR28980997|2024, A/Cattle/USA/24-012377-005_HA/2024|SRR28980996|2024, A/Cattle/USA/24-012377-006_HA/2024|SRR28980995|2024, A/Cattle/USA/24-012377-007_HA/2024|SRR28980993|2024, A/Cattle/USA/24-012377-008_HA/2024|SRR28980992|2024, A/Cattle/USA/24-012377-009_HA/2024|SRR28980991|2024, A/Cattle/USA/24-013021-001_HA/2024|SRR29040271|2024, A/Cattle/USA/24-013021-002_HA/2024|SRR29040270|2024, A/Cattle/USA/24-013021-003_HA/2024|SRR29040269|2024, A/Cattle/USA/24-013021-004_HA/2024|SRR29040296|2024, A/Cattle/USA/24-013021-005_HA/2024|SRR29040295|2024, A/Cattle/USA/24-013021-006_HA/2024|SRR29040294|2024, A/Cattle/USA/24-013021-007_HA/2024|SRR29040293|2024, A/Cattle/USA/24-013021-008_HA/2024|SRR29040292|2024, A/Cattle/USA/24-013021-009_HA/2024|SRR29040291|2024, A/Cattle/USA/24-013021-010_HA/2024|SRR29040290|2024, A/Cattle/USA/24-013021-011_HA/2024|SRR29040289|2024, A/Cattle/USA/24-013172-002_HA/2024|SRR29040288|2024, A/Cattle/USA/24-013787-001_HA/2024|SRR29182485|2024, A/Cattle/USA/24-013787-002_HA/2024|SRR29182484|2024, A/Cattle/USA/24-013999-001_HA/2024|SRR29182476|2024, A/Cattle/USA/24-013999-003_HA/2024|SRR29182475|2024, A/Cattle/USA/24-013999-005_HA/2024|SRR29182474|2024, A/Cattle/USA/24-013999-006_HA/2024|SRR29182472|2024, A/Cattle/USA/24-013999-007_HA/2024|SRR29182471|2024, A/Cattle/USA/24-014881-002_HA/2024|SRR29281467|2024, A/Cattle/USA/24-014881-009_HA/2024|SRR29281466|2024, A/Cattle/USA/24-014881-013_HA/2024|SRR29281465|2024, A/Cattle/USA/24-014882-001_HA/2024|SRR29281464|2024, A/Cattle/USA/24-014882-002_HA/2024|SRR29281463|2024, A/Cattle/USA/24-014882-003_HA/2024|SRR29281462|2024, A/Cattle/USA/24-014882-004_HA/2024|SRR29281461|2024, A/Cattle/USA/24-015041-001_HA/2024|SRR29281444|2024, A/Cattle/USA/24-015041-002_HA/2024|SRR29281443|2024, A/Cattle/USA/24-015041-004_HA/2024|SRR29281442|2024, A/Cattle/USA/24-015041-005_HA/2024|SRR29281441|2024, A/Cattle/USA/24-015041-006_HA/2024|SRR29281440|2024, A/Cattle/USA/24-015041-007_HA/2024|SRR29281439|2024, A/Cattle/USA/24-015041-008_HA/2024|SRR29281437|2024, A/Cattle/USA/24-015306-001_HA/2024|SRR29377900|2024, A/Cattle/USA/24-015306-003_HA/2024|SRR29377899|2024, A/Cattle/USA/24-015457-001_HA/2024|SRR29377891|2024, A/Cattle/USA/24-015457-002_HA/2024|SRR29377890|2024, A/Cattle/USA/24-015457-003_HA/2024|SRR29377889|2024, A/Cattle/USA/24-015457-004_HA/2024|SRR29377888|2024, A/Cattle/USA/24-015457-005_HA/2024|SRR29377887|2024, A/Cattle/USA/24-015457-006_HA/2024|SRR29377886|2024, A/Cattle/USA/24-015457-007_HA/2024|SRR29377885|2024, A/Cattle/USA/24-015643-001_HA/2024|SRR29377878|2024, A/Cattle/USA/24-015672-001_HA/2024|SRR30428220|2024, A/Cattle/USA/24-015837-001_HA/2024|SRR29543379|2024, A/Cattle/USA/24-016687-001_HA/2024|SRR29543304|2024, A/Cattle/USA/24-016687-002_HA/2024|SRR29543302|2024, A/Cattle/USA/24-016687-003_HA/2024|SRR29543301|2024, A/Cattle/USA/24-017048-003_HA/2024|SRR29543295|2024, A/Cattle/USA/24-017048-005_HA/2024|SRR29543294|2024, A/Cattle/USA/24-017048-007_HA/2024|SRR29543394|2024, A/Cattle/USA/24-017048-009_HA/2024|SRR29543393|2024, A/Cattle/USA/24-017048-011_HA/2024|SRR29543380|2024, A/Cattle/USA/24-017112-003_HA/2024|SRR29543369|2024, A/Cattle/USA/24-017148-001_HA/2024|SRR29543358|2024, A/Cattle/USA/24-017148-003_HA/2024|SRR29543347|2024, A/Cattle/USA/24-017148-005_HA/2024|SRR29543336|2024, A/Cattle/USA/24-017148-007_HA/2024|SRR29543325|2024, A/Cattle/USA/24-017148-009_HA/2024|SRR29543314|2024, A/Cattle/USA/24-017152-001_HA/2024|SRR29543303|2024, A/Cattle/USA/24-017152-003_HA/2024|SRR29543392|2024, A/Cattle/USA/24-017152-008_HA/2024|SRR29694591|2024, A/Cattle/USA/24-017152-010_HA/2024|SRR29694590|2024, A/Cattle/USA/24-017152-014_HA/2024|SRR29694562|2024, A/Cattle/USA/24-017152-016_HA/2024|SRR29694530|2024, A/Cattle/USA/24-017152-018_HA/2024|SRR29694519|2024, A/Cattle/USA/24-017152-021_HA/2024|SRR29694508|2024, A/Cattle/USA/24-017154-001_HA/2024|SRR29543386|2024, A/Cattle/USA/24-017154-003_HA/2024|SRR29694589|2024, A/Cattle/USA/24-017154-004_HA/2024|SRR29543385|2024, A/Cattle/USA/24-017154-006_HA/2024|SRR29543384|2024, A/Cattle/USA/24-017154-008_HA/2024|SRR29694578|2024, A/Cattle/USA/24-017154-010_HA/2024|SRR29694570|2024, A/Cattle/USA/24-017484-001_HA/2024|SRR29694537|2024, A/Cattle/USA/24-017484-003_HA/2024|SRR29694536|2024, A/Cattle/USA/24-017484-004_HA/2024|SRR29694535|2024, A/Cattle/USA/24-017484-005_HA/2024|SRR29694534|2024, A/Cattle/USA/24-017484-006_HA/2024|SRR29694533|2024, A/Cattle/USA/24-017484-007_HA/2024|SRR29694532|2024, A/Cattle/USA/24-017490-001_HA/2024|SRR29694529|2024, A/Cattle/USA/24-017490-002_HA/2024|SRR29694528|2024, A/Cattle/USA/24-017582-001_HA/2024|SRR29694527|2024, A/Cattle/USA/24-017652-001_HA/2024|SRR29694555|2024, A/Cattle/USA/24-017652-002_HA/2024|SRR29694554|2024, A/Cattle/USA/24-017652-003_HA/2024|SRR29694553|2024, A/Cattle/USA/24-017652-005_HA/2024|SRR29694552|2024, A/Cattle/USA/24-017652-006_HA/2024|SRR29694551|2024, A/Cattle/USA/24-017652-007_HA/2024|SRR29694550|2024, A/Cattle/USA/24-017652-008_HA/2024|SRR29694548|2024, A/Cattle/USA/24-017652-009_HA/2024|SRR29694547|2024, A/Cattle/USA/24-017652-015_HA/2024|SRR29694542|2024, A/Cattle/USA/24-017652-016_HA/2024|SRR29694541|2024, A/Cattle/USA/24-017652-018_HA/2024|SRR29694520|2024, A/Cattle/USA/24-017652-019_HA/2024|SRR29694518|2024, A/Cattle/USA/24-017652-020_HA/2024|SRR29694517|2024, A/Cattle/USA/24-017652-021_HA/2024|SRR29694516|2024, A/Cattle/USA/24-017653-003_HA/2024|SRR29694539|2024, A/Cattle/USA/24-017653-007_HA/2024|SRR29694588|2024, A/Cattle/USA/24-017653-008_HA/2024|SRR29694587|2024, A/Cattle/USA/24-017653-009_HA/2024|SRR29694586|2024, A/Cattle/USA/24-017653-011_HA/2024|SRR29694515|2024, A/Cattle/USA/24-017653-012_HA/2024|SRR29694514|2024, A/Cattle/USA/24-017654-001_HA/2024|SRR29694513|2024, A/Cattle/USA/24-017654-002_HA/2024|SRR29694512|2024, A/Cattle/USA/24-017654-003_HA/2024|SRR29694511|2024, A/Cattle/USA/24-017654-004_HA/2024|SRR29694510|2024, A/Cattle/USA/24-017654-005_HA/2024|SRR29694509|2024, A/Cattle/USA/24-017660-001_HA/2024|SRR29694585|2024, A/Cattle/USA/24-017660-002_HA/2024|SRR29694584|2024, A/Cattle/USA/24-017660-003_HA/2024|SRR29694507|2024, A/Cattle/USA/24-017662-006_HA/2024|SRR29694583|2024, A/Cattle/USA/24-017662-013_HA/2024|SRR29694580|2024, A/Cattle/USA/24-017662-014_HA/2024|SRR29694579|2024, A/Cattle/USA/24-017811-003_HA/2024|SRR29694577|2024, A/Cattle/USA/24-017811-005_HA/2024|SRR29694576|2024, A/Cattle/USA/24-017820-001_HA/2024|SRR29694575|2024, A/Cattle/USA/24-017916-001_HA/2024|SRR29694574|2024, A/Cattle/USA/24-017916-002_HA/2024|SRR29694573|2024, A/Cattle/USA/24-018028-006_HA/2024|SRR29740753|2024, A/Cattle/USA/24-018028-008_HA/2024|SRR29740741|2024, A/Cattle/USA/24-018028-009_HA/2024|SRR29740730|2024, A/Cattle/USA/24-018028-011_HA/2024|SRR29740719|2024, A/Cattle/USA/24-018028-012_HA/2024|SRR29740696|2024, A/Cattle/USA/24-018028-013_HA/2024|SRR29740685|2024, A/Cattle/USA/24-018028-014_HA/2024|SRR29740674|2024, A/Cattle/USA/24-018028-015_HA/2024|SRR29740707|2024, A/Cattle/USA/24-018028-016_HA/2024|SRR29740706|2024, A/Cattle/USA/24-018028-019_HA/2024|SRR29740751|2024, A/Cattle/USA/24-018029-003_HA/2024|SRR29740750|2024, A/Cattle/USA/24-018029-004_HA/2024|SRR29740749|2024, A/Cattle/USA/24-018029-005_HA/2024|SRR29740748|2024, A/Cattle/USA/24-018030-001_HA/2024|SRR29694572|2024, A/Cattle/USA/24-018030-002_HA/2024|SRR29694571|2024, A/Cattle/USA/24-018030-005_HA/2024|SRR29740746|2024, A/Cattle/USA/24-018149-003_HA/2024|SRR29740745|2024, A/Cattle/USA/24-018149-004_HA/2024|SRR29740744|2024, A/Cattle/USA/24-018151-001_HA/2024|SRR29740743|2024, A/Cattle/USA/24-018151-003_HA/2024|SRR29740742|2024, A/Cattle/USA/24-018151-004_HA/2024|SRR29740740|2024, A/Cattle/USA/24-018151-005_HA/2024|SRR29740739|2024, A/Cattle/USA/24-018151-006_HA/2024|SRR29740738|2024, A/Cattle/USA/24-018154-001_HA/2024|SRR29740733|2024, A/Cattle/USA/24-018155-001_HA/2024|SRR29740732|2024, A/Cattle/USA/24-018271-001_HA/2024|SRR29740731|2024, A/Cattle/USA/24-018275-001_HA/2024|SRR29740729|2024, A/Cattle/USA/24-018276-001_HA/2024|SRR29740728|2024, A/Cattle/USA/24-018334-001_HA/2024|SRR29740726|2024, A/Cattle/USA/24-018334-003_HA/2024|SRR29740725|2024, A/Cattle/USA/24-018334-005_HA/2024|SRR29740723|2024, A/Cattle/USA/24-018334-006_HA/2024|SRR29740722|2024, A/Cattle/USA/24-018334-007_HA/2024|SRR29740721|2024, A/Cattle/USA/24-018334-009_HA/2024|SRR29740718|2024, A/Cattle/USA/24-018334-010_HA/2024|SRR29740705|2024, A/Cattle/USA/24-018336-002_HA/2024|SRR29740703|2024, A/Cattle/USA/24-018336-006_HA/2024|SRR29740700|2024, A/Cattle/USA/24-018336-009_HA/2024|SRR29740698|2024, A/Cattle/USA/24-018336-010_HA/2024|SRR29740697|2024, A/Cattle/USA/24-018336-012_HA/2024|SRR29740695|2024, A/Cattle/USA/24-018719-001_HA/2024|SRR29740683|2024, A/Cattle/USA/24-018721-001_HA/2024|SRR29740682|2024, A/Cattle/USA/24-018766-001_HA/2024|SRR29740681|2024, A/Cattle/USA/24-018766-003_HA/2024|SRR29740680|2024, A/Cattle/USA/24-018766-007_HA/2024|SRR29740679|2024, A/Cattle/USA/24-018771-001_HA/2024|SRR29740678|2024, A/Cattle/USA/24-018771-003_HA/2024|SRR29740677|2024, A/Cattle/USA/24-018772-009_HA/2024|SRR29740676|2024, A/Cattle/USA/24-018772-013_HA/2024|SRR29740675|2024, A/Cattle/USA/24-018782-001_HA/2024|SRR29740717|2024, A/Cattle/USA/24-018869-001_HA/2024|SRR29740716|2024, A/Cattle/USA/24-018871-001_HA/2024|SRR29851702|2024, A/Cattle/USA/24-018871-003_HA/2024|SRR29851690|2024, A/Cattle/USA/24-018871-005_HA/2024|SRR29851684|2024, A/Cattle/USA/24-018873-001_HA/2024|SRR29740713|2024, A/Cattle/USA/24-018958-001_HA/2024|SRR29740711|2024, A/Cattle/USA/24-018958-002_HA/2024|SRR29740710|2024, A/Cattle/USA/24-018958-003_HA/2024|SRR29740709|2024, A/Cattle/USA/24-018959-001_HA/2024|SRR29740708|2024, A/Cattle/USA/24-019214-002_HA/2024|SRR29851698|2024, A/Cattle/USA/24-019214-003_HA/2024|SRR29851697|2024, A/Cattle/USA/24-019216-002_HA/2024|SRR29851696|2024, A/Cattle/USA/24-019379-004_HA/2024|SRR29953276|2024, A/Cattle/USA/24-019381-001_HA/2024|SRR29851693|2024, A/Cattle/USA/24-019381-002_HA/2024|SRR29953265|2024, A/Cattle/USA/24-019381-003_HA/2024|SRR29953254|2024, A/Cattle/USA/24-019381-004_HA/2024|SRR29953243|2024, A/Cattle/USA/24-019381-005_HA/2024|SRR29953232|2024, A/Cattle/USA/24-019381-006_HA/2024|SRR29953221|2024, A/Cattle/USA/24-019381-007_HA/2024|SRR29953210|2024, A/Cattle/USA/24-019381-012_HA/2024|SRR29953199|2024, A/Cattle/USA/24-019381-013_HA/2024|SRR29851692|2024, A/Cattle/USA/24-019381-015_HA/2024|SRR29851691|2024, A/Cattle/USA/24-019381-016_HA/2024|SRR29953194|2024, A/Cattle/USA/24-019382-007_HA/2024|SRR29953275|2024, A/Cattle/USA/24-019476-001_HA/2024|SRR29953273|2024, A/Cattle/USA/24-019478-001_HA/2024|SRR29953272|2024, A/Cattle/USA/24-019480-001_HA/2024|SRR29953271|2024, A/Cattle/USA/24-019480-002_HA/2024|SRR29953270|2024, A/Cattle/USA/24-019481-001_HA/2024|SRR29851689|2024, A/Cattle/USA/24-019481-002_HA/2024|SRR29851688|2024, A/Cattle/USA/24-019601-002_HA/2024|SRR29953263|2024, A/Cattle/USA/24-019634-001_HA/2024|SRR29851687|2024, A/Cattle/USA/24-019634-002_HA/2024|SRR29851686|2024, A/Cattle/USA/24-019691-001_HA/2024|SRR29953260|2024, A/Cattle/USA/24-019691-003_HA/2024|SRR29953259|2024, A/Cattle/USA/24-019691-004_HA/2024|SRR29953258|2024, A/Cattle/USA/24-019691-005_HA/2024|SRR29953257|2024, A/Cattle/USA/24-019691-007_HA/2024|SRR29953256|2024, A/Cattle/USA/24-019691-010_HA/2024|SRR29953253|2024, A/Cattle/USA/24-019691-012_HA/2024|SRR29953251|2024, A/Cattle/USA/24-019691-013_HA/2024|SRR29953250|2024, A/Cattle/USA/24-019693-004_HA/2024|SRR29953248|2024, A/Cattle/USA/24-019693-005_HA/2024|SRR29953247|2024, A/Cattle/USA/24-019693-006_HA/2024|SRR29953246|2024, A/Cattle/USA/24-019693-007_HA/2024|SRR29953245|2024, A/Cattle/USA/24-019693-008_HA/2024|SRR29953244|2024, A/Cattle/USA/24-019693-010_HA/2024|SRR29953242|2024, A/Cattle/USA/24-019694-001_HA/2024|SRR29953241|2024, A/Cattle/USA/24-019694-002_HA/2024|SRR29953240|2024, A/Cattle/USA/24-019694-003_HA/2024|SRR29953239|2024, A/Cattle/USA/24-019695-001_HA/2024|SRR29953238|2024, A/Cattle/USA/24-019780-001_HA/2024|SRR29953237|2024, A/Cattle/USA/24-019780-002_HA/2024|SRR29953236|2024, A/Cattle/USA/24-019780-003_HA/2024|SRR29953235|2024, A/Cattle/USA/24-019883-001_HA/2024|SRR29953234|2024, A/Cattle/USA/24-019883-002_HA/2024|SRR29953233|2024, A/Cattle/USA/24-019886-001_HA/2024|SRR29953229|2024, A/Cattle/USA/24-019886-002_HA/2024|SRR29953228|2024, A/Cattle/USA/24-019886-003_HA/2024|SRR29953227|2024, A/Cattle/USA/24-019886-004_HA/2024|SRR29953226|2024, A/Cattle/USA/24-019886-005_HA/2024|SRR29953225|2024, A/Cattle/USA/24-019886-006_HA/2024|SRR29953224|2024, A/Cattle/USA/24-019886-009_HA/2024|SRR29953223|2024, A/Cattle/USA/24-019886-010_HA/2024|SRR29953222|2024, A/Cattle/USA/24-019981-001_HA/2024|SRR29953215|2024, A/Cattle/USA/24-020027-001_HA/2024|SRR29953214|2024, A/Cattle/USA/24-020027-002_HA/2024|SRR30090375|2024, A/Cattle/USA/24-020027-005_HA/2024|SRR29953213|2024, A/Cattle/USA/24-020027-006_HA/2024|SRR29953212|2024, A/Cattle/USA/24-020027-007_HA/2024|SRR29953211|2024, A/Cattle/USA/24-020175-001_HA/2024|SRR29953207|2024, A/Cattle/USA/24-020175-002_HA/2024|SRR29953206|2024, A/Cattle/USA/24-020175-004_HA/2024|SRR29953205|2024, A/Cattle/USA/24-020176-001_HA/2024|SRR30090364|2024, A/Cattle/USA/24-020176-003_HA/2024|SRR29953204|2024, A/Cattle/USA/24-020176-005_HA/2024|SRR29953203|2024, A/Cattle/USA/24-020284-001_HA/2024|SRR29953197|2024, A/Cattle/USA/24-020284-002_HA/2024|SRR30090351|2024, A/Cattle/USA/24-020284-004_HA/2024|SRR30090350|2024, A/Cattle/USA/24-020284-006_HA/2024|SRR30090407|2024, A/Cattle/USA/24-020284-008_HA/2024|SRR30090406|2024, A/Cattle/USA/24-020284-009_HA/2024|SRR29953196|2024, A/Cattle/USA/24-020284-010_HA/2024|SRR29953195|2024, A/Cattle/USA/24-020284-011_HA/2024|SRR30090405|2024, A/Cattle/USA/24-020510-001_HA/2024|SRR30090390|2024, A/Cattle/USA/24-020510-002_HA/2024|SRR30090389|2024, A/Cattle/USA/24-020510-003_HA/2024|SRR30090388|2024, A/Cattle/USA/24-020593-001_HA/2024|SRR30090387|2024, A/Cattle/USA/24-020712-001_HA/2024|SRR30090385|2024, A/Cattle/USA/24-020712-002_HA/2024|SRR30090384|2024, A/Cattle/USA/24-020712-003_HA/2024|SRR30090383|2024, A/Cattle/USA/24-020712-004_HA/2024|SRR30090382|2024, A/Cattle/USA/24-020712-005_HA/2024|SRR30090381|2024, A/Cattle/USA/24-020712-006_HA/2024|SRR30090380|2024, A/Cattle/USA/24-020712-008_HA/2024|SRR30090379|2024, A/Cattle/USA/24-020712-009_HA/2024|SRR30090378|2024, A/Cattle/USA/24-020715-006_HA/2024|SRR30090374|2024, A/Cattle/USA/24-020715-007_HA/2024|SRR30090373|2024, A/Cattle/USA/24-020797-002_HA/2024|SRR30090366|2024, A/Cattle/USA/24-020797-003_HA/2024|SRR30202051|2024, A/Cattle/USA/24-020797-003_HA/2024|SRR30332738|2024, A/Cattle/USA/24-020797-004_HA/2024|SRR30202050|2024, A/Cattle/USA/24-020797-004_HA/2024|SRR30332737|2024, A/Cattle/USA/24-020797-005_HA/2024|SRR30202039|2024, A/Cattle/USA/24-020797-005_HA/2024|SRR30332736|2024, A/Cattle/USA/24-020797-006_HA/2024|SRR30090365|2024, A/Cattle/USA/24-020797-007_HA/2024|SRR30202028|2024, A/Cattle/USA/24-020797-007_HA/2024|SRR30332735|2024, A/Cattle/USA/24-020797-008_HA/2024|SRR30202026|2024, A/Cattle/USA/24-020797-008_HA/2024|SRR30332734|2024, A/Cattle/USA/24-020797-009_HA/2024|SRR30090363|2024, A/Cattle/USA/24-020797-010_HA/2024|SRR30202025|2024, A/Cattle/USA/24-020797-010_HA/2024|SRR30332733|2024, A/Cattle/USA/24-020797-011_HA/2024|SRR30202024|2024, A/Cattle/USA/24-020797-011_HA/2024|SRR30332732|2024, A/Cattle/USA/24-020797-012_HA/2024|SRR30202023|2024, A/Cattle/USA/24-020797-012_HA/2024|SRR30332731|2024, A/Cattle/USA/24-020797-013_HA/2024|SRR30202022|2024, A/Cattle/USA/24-020797-013_HA/2024|SRR30332729|2024, A/Cattle/USA/24-020797-014_HA/2024|SRR30202021|2024, A/Cattle/USA/24-020797-014_HA/2024|SRR30332728|2024, A/Cattle/USA/24-020797-015_HA/2024|SRR30202049|2024, A/Cattle/USA/24-020797-015_HA/2024|SRR30332727|2024, A/Cattle/USA/24-020940-001_HA/2024|SRR30090361|2024, A/Cattle/USA/24-020940-003_HA/2024|SRR30090359|2024, A/Cattle/USA/24-020940-004_HA/2024|SRR30090358|2024, A/Cattle/USA/24-020940-005_HA/2024|SRR30090357|2024, A/Cattle/USA/24-020940-007_HA/2024|SRR30090355|2024, A/Cattle/USA/24-020941-001_HA/2024|SRR30090354|2024, A/Cattle/USA/24-020941-002_HA/2024|SRR30090352|2024, A/Cattle/USA/24-021115-001_HA/2024|SRR30202036|2024, A/Cattle/USA/24-021115-001_HA/2024|SRR30332726|2024, A/Cattle/USA/24-021115-002_HA/2024|SRR30202035|2024, A/Cattle/USA/24-021115-002_HA/2024|SRR30332725|2024, A/Cattle/USA/24-021340-003_HA/2024|SRR30202029|2024, A/Cattle/USA/24-021340-003_HA/2024|SRR30332720|2024, A/Cattle/USA/24-021589-001_HA/2024|SRR30235363|2024, A/Cattle/USA/24-021589-001_HA/2024|SRR30332715|2024, A/Cattle/USA/24-021589-002_HA/2024|SRR30235362|2024, A/Cattle/USA/24-021589-002_HA/2024|SRR30332714|2024, A/Cattle/USA/24-021589-004_HA/2024|SRR30235361|2024, A/Cattle/USA/24-021589-004_HA/2024|SRR30332713|2024, A/Cattle/USA/24-021589-005_HA/2024|SRR30235385|2024, A/Cattle/USA/24-021589-005_HA/2024|SRR30332712|2024, A/Cattle/USA/24-021589-006_HA/2024|SRR30235384|2024, A/Cattle/USA/24-021589-006_HA/2024|SRR30332711|2024, A/Cattle/USA/24-021589-007_HA/2024|SRR30235383|2024, A/Cattle/USA/24-021589-007_HA/2024|SRR30332710|2024, A/Cattle/USA/24-021715-001_HA/2024|SRR30235382|2024, A/Cattle/USA/24-021715-001_HA/2024|SRR30332709|2024, A/Cattle/USA/24-021715-003_HA/2024|SRR30235381|2024, A/Cattle/USA/24-021715-003_HA/2024|SRR30332707|2024, A/Cattle/USA/24-021715-004_HA/2024|SRR30235380|2024, A/Cattle/USA/24-021715-004_HA/2024|SRR30332706|2024, A/Cattle/USA/24-021715-005_HA/2024|SRR30235379|2024, A/Cattle/USA/24-021715-005_HA/2024|SRR30332705|2024, A/Cattle/USA/24-021715-007_HA/2024|SRR30235377|2024, A/Cattle/USA/24-021715-007_HA/2024|SRR30332703|2024, A/Cattle/USA/24-021716-001_HA/2024|SRR30235376|2024, A/Cattle/USA/24-021716-001_HA/2024|SRR30332702|2024, A/Cattle/USA/24-021716-002_HA/2024|SRR30235374|2024, A/Cattle/USA/24-021716-002_HA/2024|SRR30332701|2024, A/Cattle/USA/24-021716-003_HA/2024|SRR30235352|2024, A/Cattle/USA/24-021716-003_HA/2024|SRR30332700|2024, A/Cattle/USA/24-021716-005_HA/2024|SRR30235353|2024, A/Cattle/USA/24-021716-005_HA/2024|SRR30332699|2024, A/Cattle/USA/24-021768-001_HA/2024|SRR30235387|2024, A/Cattle/USA/24-021768-001_HA/2024|SRR30332698|2024, A/Cattle/USA/24-021768-002_HA/2024|SRR30235386|2024, A/Cattle/USA/24-021768-002_HA/2024|SRR30332696|2024, A/Cattle/USA/24-021996-001_HA/2024|SRR30235370|2024, A/Cattle/USA/24-021996-001_HA/2024|SRR30332694|2024, A/Cattle/USA/24-021996-002_HA/2024|SRR30235366|2024, A/Cattle/USA/24-021996-002_HA/2024|SRR30332693|2024, A/Cattle/USA/24-022159-002_HA/2024|SRR30235358|2024, A/Cattle/USA/24-022159-002_HA/2024|SRR30332692|2024, A/Cattle/USA/24-022165-001_HA/2024|SRR30235360|2024, A/Cattle/USA/24-022165-001_HA/2024|SRR30332689|2024, A/Cattle/USA/24-022168-001_HA/2024|SRR30235368|2024, A/Cattle/USA/24-022168-001_HA/2024|SRR30332688|2024, A/Cattle/USA/24-022168-002_HA/2024|SRR30235367|2024, A/Cattle/USA/24-022168-002_HA/2024|SRR30332687|2024, A/Cattle/USA/24-022171-001_HA/2024|SRR30235373|2024, A/Cattle/USA/24-022171-001_HA/2024|SRR30332685|2024, A/Cattle/USA/24-022172-001_HA/2024|SRR30235372|2024, A/Cattle/USA/24-022172-001_HA/2024|SRR30332684|2024, A/Cattle/USA/24-022173-001_HA/2024|SRR30235355|2024, A/Cattle/USA/24-022173-001_HA/2024|SRR30332683|2024, A/Cattle/USA/24-022176-001_HA/2024|SRR30235357|2024, A/Cattle/USA/24-022176-001_HA/2024|SRR30332681|2024, A/Cattle/USA/24-022177-001_HA/2024|SRR30235371|2024, A/Cattle/USA/24-022177-001_HA/2024|SRR30332680|2024, A/Cattle/USA/24-022179-001_HA/2024|SRR30235369|2024, A/Cattle/USA/24-022179-001_HA/2024|SRR30332679|2024, A/Cattle/USA/24-022332-005_HA/2024|SRR30428219|2024, A/Cattle/USA/24-022332-007_HA/2024|SRR30428218|2024, A/Cattle/USA/24-022332-009_HA/2024|SRR30404401|2024, A/Cattle/USA/24-022332-011_HA/2024|SRR30404409|2024, A/Cattle/USA/24-022332-014_HA/2024|SRR30404408|2024, A/Cattle/USA/24-022332-018_HA/2024|SRR30404407|2024, A/Cattle/USA/24-022349-001_HA/2024|SRR30404406|2024, A/Cattle/USA/24-022349-002_HA/2024|SRR30404405|2024, A/Cattle/USA/24-022855-001_HA/2024|SRR30490908|2024, A/Cattle/USA/24-022858-001_HA/2024|SRR30490907|2024, A/Cattle/USA/24-022859-001_HA/2024|SRR30490906|2024, A/Cattle/USA/24-022860-001_HA/2024|SRR30490905|2024, A/Cattle/USA/24-022863-001_HA/2024|SRR30490903|2024, A/Cattle/USA/24-022870-001_HA/2024|SRR30490902|2024, A/Cattle/USA/24-023930-001_HA/2024|SRR30572436|2024, A/Cattle/USA/24-023930-002_HA/2024|SRR30572435|2024, A/Cattle/USA/24-023930-003_HA/2024|SRR30572424|2024, A/Cattle/USA/24-023930-004_HA/2024|SRR30572422|2024, A/Cattle/USA/24-023930-005_HA/2024|SRR30572421|2024, A/Cattle/USA/24-023930-006_HA/2024|SRR30572420|2024, A/Cattle/USA/24-023930-007_HA/2024|SRR30572419|2024, A/Cattle/USA/24-023930-010_HA/2024|SRR30572418|2024, A/Cattle/USA/24-023930-011_HA/2024|SRR30572417|2024, A/Cattle/USA/24-023930-012_HA/2024|SRR30572416|2024, A/Cattle/USA/24-024344-001_HA/2024|SRR30572434|2024, A/Cattle/USA/24-024344-003_HA/2024|SRR30572433|2024, A/Cattle/USA/24-024698-002_HA/2024|SRR30633346|2024, A/dairy_cow/Texas/A240750066-18/2024_H5N1|PQ162280.1|2024	2024.000
2024.000	1.000	0.007	D104G, L131Q, A156E, T211I	D95G, L122Q, A144E, T199I	D88G, L115Q, A140E, T195I	0.879	0.425	0.296	0.536	0.961	1.109	-0.199	0.000	10	A/Cattle/USA/24-020715-003_HA/2024|SRR30090376|2024, A/Cattle/USA/24-024710-001_HA/2024|SRR30572432|2024, A/Cattle/USA/24-024710-005_HA/2024|SRR30572431|2024, A/Cattle/USA/24-024710-006_HA/2024|SRR30572430|2024, A/Cattle/USA/24-024710-008_HA/2024|SRR30572429|2024, A/Cattle/USA/24-024710-009_HA/2024|SRR30572428|2024, A/Cattle/USA/24-024712-001_HA/2024|SRR30572427|2024, A/Cattle/USA/24-024712-002_HA/2024|SRR30572426|2024, A/Cattle/USA/24-024712-003_HA/2024|SRR30572425|2024, A/Cattle/USA/24-024713-002_HA/2024|SRR30572423|2024	2024.000
2024.000	1.000	0.007	H44Q, L131Q, A156E, T211I	H38Q, L122Q, A144E, T199I	H28Q, L115Q, A140E, T195I	0.568	0.829	0.110	0.350	0.864	1.012	-0.132	0.067	1	A/Cattle/USA/24-018030-004_HA/2024|SRR29740747|2024	2024.000
2024.000	1.000	0.007	I67L, L131Q, A156E, T211I	I60L, L122Q, A144E, T199I	I51L, L115Q, A140E, T195I	0.285	0.711	0.016	0.256	0.848	0.996	-0.199	0.000	3	A/Cattle/USA/24-017473-001_HA/2024|SRR29694569|2024, A/Cattle/USA/24-017473-003_HA/2024|SRR29694567|2024, A/Cattle/USA/24-017473-005_HA/2024|SRR29694566|2024	2024.000
2024.000	1.000	0.007	K51R, L131Q, A156E, T211I	K45R, L122Q, A144E, T199I	K35R, L115Q, A140E, T195I	0.285	0.485	-0.075	0.256	0.771	0.996	0.419	0.618	1	A/Cattle/USA/24-022845-001_HA/2024|SRR30490910|2024	2024.000
2024.000	1.000	0.007	L131Q, A156E, A172T, T211I	L122Q, A144E, A160T, T199I	L115Q, A140E, A156T, T195I	0.393	1.036	2.273	2.513	1.729	1.877	-0.280	0.000	1	A/Cattle/USA/24-014545-006_HA/2024|SRR29281460|2024	2024.000
2024.000	1.000	0.007	L131Q, A156E, D171G, T211I	L122Q, A144E, D159G, T199I	L115Q, A140E, D155G, T195I	0.833	0.370	1.042	1.282	1.132	1.280	-0.199	0.000	1	A/Cattle/USA/24-023181-001_HA/2024|SRR30490901|2024	2024.000
2024.000	1.000	0.007	L131Q, A156E, I178V, T211I	L122Q, A144E, I166V, T199I	L115Q, A140E, I162V, T195I	0.285	-0.422	-0.098	0.256	0.890	1.038	-0.199	0.000	3	A/Cattle/USA/24-014545-002_HA/2024|SRR29281471|2024, A/Cattle/USA/24-014545-007_HA/2024|SRR29281449|2024, A/Cattle/USA/24-014545-009_HA/2024|SRR29281438|2024	2024.000
2024.000	1.000	0.007	L131Q, A156E, T211I, A226T	L122Q, A144E, T199I, A214T	L115Q, A140E, T195I, A210T	0.285	0.785	-0.221	0.256	0.818	0.996	-0.067	0.132	1	A/Cattle/USA/24-018028-007_HA/2024|SRR29740752|2024	2024.000
2024.000	1.000	0.007	L131Q, A156E, T211I, A539T	L122Q, A144E, T199I, A522T	L115Q, A140E, T195I, A523T	0.285	-1.336	-0.148	0.256	0.855	1.003	-0.341	0.000	3	A/Cattle/USA/24-018336-001_HA/2024|SRR29740704|2024, A/Cattle/USA/24-018336-003_HA/2024|SRR29740702|2024, A/Cattle/USA/24-018336-004_HA/2024|SRR29740701|2024	2024.000
2024.000	1.000	0.007	L131Q, A156E, T211I, D402N	L122Q, A144E, T199I, D386N	L115Q, A140E, T195I, D386N	0.285	0.506	0.065	0.305	0.854	1.002	0.762	0.961	4	A/Cattle/USA/24-020795-001_HA/2024|SRR30202048|2024, A/Cattle/USA/24-020795-001_HA/2024|SRR30332741|2024, A/Cattle/USA/24-021992-001_HA/2024|SRR30235375|2024, A/Cattle/USA/24-021992-001_HA/2024|SRR30332695|2024	2024.000
2024.000	1.000	0.007	L131Q, A156E, T211I, D473N	L122Q, A144E, T199I, D457N	L115Q, A140E, T195I, D457N	0.285	-0.873	-0.109	0.256	0.682	0.996	-0.199	0.000	1	A/Cattle/USA/24-017152-023_HA/2024|SRR29694497|2024	2024.000
2024.000	1.000	0.007	L131Q, A156E, T211I, E492D	L122Q, A144E, T199I, E476D	L115Q, A140E, T195I, E476D	0.285	0.103	0.016	0.256	0.848	0.996	-0.199	0.000	4	A/Cattle/USA/24-022175-001_HA/2024|SRR30235356|2024, A/Cattle/USA/24-022175-001_HA/2024|SRR30332682|2024, A/Cattle/USA/24-022861-001_HA/2024|SRR30490904|2024, A/Cattle/USA/24-024240-001_HA/2024|SRR30633347|2024	2024.000
2024.000	1.000	0.007	L131Q, A156E, T211I, E492G	L122Q, A144E, T199I, E476G	L115Q, A140E, T195I, E476G	1.128	0.890	-0.047	0.256	0.881	1.029	-0.177	0.022	1	A/Cattle/USA/24-017048-001_HA/2024|SRR29543296|2024	2024.000
2024.000	1.000	0.007	L131Q, A156E, T211I, H289N	L122Q, A144E, T199I, H276N	L115Q, A140E, T195I, H273N	0.286	1.065	0.120	0.360	0.878	1.026	-0.152	0.047	1	A/Cattle/USA/24-019475-002_HA/2024|SRR29953274|2024	2024.000
2024.000	1.000	0.007	L131Q, A156E, T211I, I351K	L122Q, A144E, T199I, I335K	L115Q, A140E, T195I, I335K	0.285	-5.109	0.016	0.256	0.848	0.996	-0.199	0.000	1	A/Cattle/USA/24-015667-006-original_HA/2024|SRR30090409|2024	2024.000
2024.000	1.000	0.007	L131Q, A156E, T211I, I518V	L122Q, A144E, T199I, I502V	L115Q, A140E, T195I, I502V	0.285	0.696	0.006	0.256	0.829	0.996	-0.307	0.000	4	A/Cattle/USA/24-018871-002_HA/2024|SRR29851701|2024, A/Cattle/USA/24-018871-004_HA/2024|SRR29851685|2024, A/Cattle/USA/24-021715-006_HA/2024|SRR30235378|2024, A/Cattle/USA/24-021715-006_HA/2024|SRR30332704|2024	2024.000
2024.000	1.000	0.007	L131Q, A156E, T211I, K522E	L122Q, A144E, T199I, K506E	L115Q, A140E, T195I, K506E	0.285	-0.740	-0.168	0.256	0.881	1.029	-0.228	0.000	1	A/Cattle/USA/24-018334-004_HA/2024|SRR29740724|2024	2024.000
2024.000	1.000	0.007	L131Q, A156E, T211I, L513F	L122Q, A144E, T199I, L497F	L115Q, A140E, T195I, L497F	0.285	0.697	0.065	0.305	0.942	1.090	-0.170	0.029	1	A/Cattle/USA/24-020176-006_HA/2024|SRR30090353|2024	2024.000
2024.000	1.000	0.007	L131Q, A156E, T211I, M547I	L122Q, A144E, T199I, M530I	L115Q, A140E, T195I, M531I	0.285	0.469	0.076	0.316	0.805	0.996	-0.152	0.047	1	A/Cattle/USA/24-019691-014_HA/2024|SRR29953249|2024	2024.000
2024.000	1.000	0.007	L131Q, A156E, T211I, P337L	L122Q, A144E, T199I, P324L	L115Q, A140E, T195I, P321L	0.285	1.215	0.016	0.256	0.848	0.996	-0.199	0.000	17	A/Cattle/USA/24-013789-001_HA/2024|SRR29182429|2024, A/Cattle/USA/24-013789-002_HA/2024|SRR29182426|2024, A/Cattle/USA/24-013789-003_HA/2024|SRR29182425|2024, A/Cattle/USA/24-013789-004_HA/2024|SRR29182424|2024, A/Cattle/USA/24-013789-005_HA/2024|SRR29182483|2024, A/Cattle/USA/24-013789-006_HA/2024|SRR29182482|2024, A/Cattle/USA/24-013789-007_HA/2024|SRR29182481|2024, A/Cattle/USA/24-013789-009_HA/2024|SRR29182480|2024, A/Cattle/USA/24-013789-010_HA/2024|SRR29182479|2024, A/Cattle/USA/24-013789-011_HA/2024|SRR29182478|2024, A/Cattle/USA/24-013789-012_HA/2024|SRR29182477|2024, A/Cattle/USA/24-014287-001_HA/2024|SRR29182465|2024, A/Cattle/USA/24-015307-001_HA/2024|SRR29377898|2024, A/Cattle/USA/24-015307-002_HA/2024|SRR29377897|2024, A/Cattle/USA/24-015307-003_HA/2024|SRR29377896|2024, A/Cattle/USA/24-015307-004_HA/2024|SRR29377895|2024, A/Cattle/USA/24-016804-001_HA/2024|SRR29543297|2024	2024.000
2024.000	1.000	0.007	L131Q, A156E, T211I, Q234R	L122Q, A144E, T199I, Q222R	L115Q, A140E, T195I, Q218R	0.285	0.550	-0.013	0.256	0.837	0.996	-0.160	0.039	1	A/Cattle/USA/24-018873-002_HA/2024|SRR29740712|2024	2024.000
2024.000	1.000	0.007	L131Q, A156E, T211I, Q506L	L122Q, A144E, T199I, Q490L	L115Q, A140E, T195I, Q490L	0.941	0.570	-0.033	0.256	0.831	0.996	-0.111	0.088	1	A/Cattle/USA/24-019691-009_HA/2024|SRR29953255|2024	2024.000
2024.000	1.000	0.007	L131Q, A156E, T211I, R420K	L122Q, A144E, T199I, R404K	L115Q, A140E, T195I, R404K	0.617	0.806	0.064	0.304	0.859	1.007	-0.365	0.000	1	A/Cattle/USA/24-020284-005_HA/2024|SRR30090349|2024	2024.000
2024.000	1.000	0.007	L131Q, A156E, T211I, T528I	L122Q, A144E, T199I, T511I	L115Q, A140E, T195I, T512I	0.285	0.329	-0.035	0.256	0.753	0.996	-0.307	0.000	2	A/Cattle/USA/24-020172-001_HA/2024|SRR29953209|2024, A/Cattle/USA/24-020172-002_HA/2024|SRR29953208|2024	2024.000
2024.000	1.000	0.007	L131Q, A156E, T211I, V526I	L122Q, A144E, T199I, V510I	L115Q, A140E, T195I, V510I	0.285	1.235	0.016	0.256	0.848	0.996	-0.199	0.000	2	A/Cattle/USA/24-018872-001_HA/2024|SRR29740715|2024, A/Cattle/USA/24-018872-002_HA/2024|SRR29740714|2024	2024.000
2024.000	1.000	0.007	L131Q, S136N, A156E, T211I	L122Q, S125bN, A144E, T199I	L115Q, S120N, A140E, T195I	0.285	0.338	-0.079	0.256	1.562	1.710	-0.179	0.020	1	A/Cattle/USA/24-018334-008_HA/2024|SRR29740720|2024	2024.000
2024.000	1.000	0.007	L131Q, S136R, A156E, T211I	L122Q, S125bR, A144E, T199I	L115Q, S120R, A140E, T195I	0.285	0.711	-0.278	0.256	2.132	2.280	-0.199	0.000	1	A/Cattle/USA/24-020940-006_HA/2024|SRR30090356|2024	2024.000
2024.000	1.000	0.007	L131Q, T143A, A156E, T211I	L122Q, T132A, A144E, T199I	L115Q, T127A, A140E, T195I	0.285	0.711	0.016	0.256	0.848	0.996	-0.199	0.000	21	A/Cattle/USA/24-008767-001-v_HA/2024|SRR28752475|2024, A/Cattle/USA/24-017652-010_HA/2024|SRR29694546|2024, A/Cattle/USA/24-017652-011_HA/2024|SRR29694545|2024, A/Cattle/USA/24-017652-012_HA/2024|SRR29694544|2024, A/Cattle/USA/24-017652-014_HA/2024|SRR29694543|2024, A/Cattle/USA/24-017660-005_HA/2024|SRR29694506|2024, A/Cattle/USA/24-017662-002_HA/2024|SRR29694505|2024, A/Cattle/USA/24-017990-001_HA/2024|SRR29694494|2024, A/Cattle/USA/24-018025-001_HA/2024|SRR29694491|2024, A/Cattle/USA/24-018027-005_HA/2024|SRR29694490|2024, A/Cattle/USA/24-018028-002_HA/2024|SRR29694489|2024, A/Cattle/USA/24-018028-003_HA/2024|SRR29694488|2024, A/Cattle/USA/24-018028-005_HA/2024|SRR29694487|2024, A/Cattle/USA/24-018975-001_HA/2024|SRR29851683|2024, A/Cattle/USA/24-018975-002_HA/2024|SRR29851682|2024, A/Cattle/USA/24-018975-003_HA/2024|SRR29851681|2024, A/Cattle/USA/24-018976-004_HA/2024|SRR29851680|2024, A/Cattle/USA/24-018976-007_HA/2024|SRR29851679|2024, A/Cattle/USA/24-020731-003_HA/2024|SRR30090372|2024, A/Cattle/USA/24-020731-005_HA/2024|SRR30090370|2024, A/Cattle/USA/24-020731-006_HA/2024|SRR30090369|2024	2024.000
2024.000	1.000	0.007	L131Q, V147M, A156E, T211I	L122Q, V135M, A144E, T199I	L115Q, V131M, A140E, T195I	0.285	0.951	-0.725	0.256	0.032	0.996	-0.367	0.000	1	A/Cattle/USA/24-012377-010_HA/2024|SRR28980990|2024	2024.000
2024.000	1.000	0.007	N112S, L131Q, A156E, T211I	N103S, L122Q, A144E, T199I	N96S, L115Q, A140E, T195I	0.594	0.662	0.016	0.256	0.848	0.996	-0.199	0.000	1	A/Cattle/USA/24-020940-002_HA/2024|SRR30090360|2024	2024.000
2024.000	1.000	0.009	D104G, L131Q, T143A, A156E, T211I	D95G, L122Q, T132A, A144E, T199I	D88G, L115Q, T127A, A140E, T195I	0.879	0.425	0.296	0.536	0.961	1.109	-0.199	0.000	1	A/Cattle/USA/24-020731-004_HA/2024|SRR30090371|2024	2024.000
2024.000	1.000	0.009	I67L, L131Q, V147E, A156E, T211I	I60L, L122Q, V135E, A144E, T199I	I51L, L115Q, V131E, A140E, T195I	0.285	1.171	-0.657	0.256	0.358	0.996	-0.525	0.000	1	A/Cattle/USA/24-017473-002_HA/2024|SRR29694568|2024	2024.000
2024.000	1.000	0.009	L131Q, A156E, T211I, L478M, A539T	L122Q, A144E, T199I, L462M, A522T	L115Q, A140E, T195I, L462M, A523T	0.512	-1.160	-0.161	0.256	0.838	1.003	-0.360	0.000	1	A/Cattle/USA/24-018336-008_HA/2024|SRR29740699|2024	2024.000
2024.000	1.000	0.009	L131Q, A156E, T211I, N416S, D465N	L122Q, A144E, T199I, N400S, D449N	L115Q, A140E, T195I, N400S, D449N	0.285	1.561	-0.140	0.256	0.809	1.010	0.083	0.320	1	A/Cattle/USA/24-018637-001_HA/2024|SRR29740689|2024	2024.000
2024.000	1.000	0.009	L131Q, A156E, T211I, N417K, T528I	L122Q, A144E, T199I, N401K, T511I	L115Q, A140E, T195I, N401K, T512I	0.285	0.565	0.042	0.333	0.911	1.154	-0.086	0.221	9	A/Cattle/USA/24-021340-001_HA/2024|SRR30202031|2024, A/Cattle/USA/24-021340-001_HA/2024|SRR30332722|2024, A/Cattle/USA/24-021340-002_HA/2024|SRR30202030|2024, A/Cattle/USA/24-021340-002_HA/2024|SRR30332721|2024, A/Cattle/USA/24-021340-004_HA/2024|SRR30202027|2024, A/Cattle/USA/24-021340-004_HA/2024|SRR30332718|2024, A/Cattle/USA/24-022159-003_HA/2024|SRR30235359|2024, A/Cattle/USA/24-022159-003_HA/2024|SRR30332691|2024, A/Cattle/USA/24-022848-002_HA/2024|SRR30490909|2024	2024.000
2024.000	1.000	0.009	L131Q, T143A, A156E, T183N, T211I	L122Q, T132A, A144E, T171N, T199I	L115Q, T127A, A140E, T167N, T195I	0.285	-0.042	0.239	0.479	0.879	1.027	-0.249	0.000	2	A/Cattle/USA/24-019617-011_HA/2024|SRR29953262|2024, A/Cattle/USA/24-019617-012_HA/2024|SRR29953261|2024	2024.000
2024.000	1.000	0.009	L131Q, T143A, A156E, T211I, E492K	L122Q, T132A, A144E, T199I, E476K	L115Q, T127A, A140E, T195I, E476K	0.497	0.974	0.144	0.384	0.911	1.059	-0.161	0.038	4	A/Cattle/USA/24-017662-008_HA/2024|SRR29694582|2024, A/Cattle/USA/24-017662-011_HA/2024|SRR29694581|2024, A/Cattle/USA/24-018029-001_HA/2024|SRR29694485|2024, A/Cattle/USA/24-018029-006_HA/2024|SRR29694484|2024	2024.000
2024.000	1.000	0.009	L131Q, T143A, V147M, A156E, T211I	L122Q, T132A, V135M, A144E, T199I	L115Q, T127A, V131M, A140E, T195I	0.285	0.951	-0.725	0.256	0.032	0.996	-0.367	0.000	2	A/Cattle/USA/24-017652-017_HA/2024|SRR29694540|2024, A/Cattle/USA/24-019167-001_HA/2024|SRR29851699|2024	2024.000
2024.000	1.000	0.009	S12N, L131Q, T143A, A156E, T211I	S6N, L122Q, T132A, A144E, T199I	S-5N, L115Q, T127A, A140E, T195I	0.440	-1.455	0.016	0.256	0.848	0.996	-0.199	0.000	1	A/Cattle/USA/24-017662-005_HA/2024|SRR29694504|2024	2024.000
2024.000	1.000	0.011	L131Q, A156E, L188F, T211I, E374K, M547I	L122Q, A144E, L176F, T199I, E358K, M530I	L115Q, A140E, L172F, T195I, E358K, M531I	0.285	-4.283	0.521	0.814	1.017	1.208	-0.152	0.047	1	A/Cattle/USA/24-019691-011_HA/2024|SRR29953252|2024	2024.000
2024.085	1.000	0.005	L131Q, A156E, T211I	L122Q, A144E, T199I	L115Q, A140E, T195I	0.285	0.711	0.016	0.256	0.848	0.996	-0.199	0.000	1	A/dairy_cow/Texas/HSV-1_2_24/2024_H5N1|PQ106997.1|2024-02	2024.085
2024.189	1.000	0.005	L131Q, A156E, T211I	L122Q, A144E, T199I	L115Q, A140E, T195I	0.285	0.711	0.016	0.256	0.848	0.996	-0.199	0.000	4	A/cattle/Texas/24-009775-001/2024_H5N1|PP753485.1|2024-03-10, A/cattle/Texas/24-009776-001/2024_H5N1|PP753493.1|2024-03-10, A/cattle/Texas/24-009776-004/2024_H5N1|PP753509.1|2024-03-10, A/cattle/Texas/24-009776-015/2024_H5N1|PP753517.1|2024-03-10	2024.189
2024.189	1.000	0.009	D113E, L131Q, A156E, T211I, H371L	D104E, L122Q, A144E, T199I, H355L	D97E, L115Q, A140E, T195I, H355L	0.285	1.120	0.119	0.429	1.066	1.216	0.060	0.259	1	A/cattle/Texas/24-009776-002/2024_H5N1|PP753501.1|2024-03-10	2024.189
2024.197	1.000	0.005	L131Q, A156E, T211I	L122Q, A144E, T199I	L115Q, A140E, T195I	0.285	0.711	0.016	0.256	0.848	0.996	-0.199	0.000	5	A/cattle/Texas/24-009088-001/2024_H5N1|PP752677.1|2024-03-13, A/cattle/Texas/24-009088-002/2024_H5N1|PP752685.1|2024-03-13, A/cattle/Texas/24-009290-001/2024_H5N1|PP752997.1|2024-03-13, A/cattle/Texas/24-009290-005/2024_H5N1|PP753005.1|2024-03-13, A/cattle/Texas/24-009290-006/2024_H5N1|PP753013.1|2024-03-13	2024.197
2024.199	1.000	0.005	L131Q, A156E, T211I	L122Q, A144E, T199I	L115Q, A140E, T195I	0.285	0.711	0.016	0.256	0.848	0.996	-0.199	0.000	24	A/Cattle/Texas/24-009110-009-original/2024_H5N1|PQ010819.1|2024-03-14, A/cattle/Texas/24-009110-001/2024_H5N1|PP752773.1|2024-03-14, A/cattle/Texas/24-009110-002/2024_H5N1|PP752781.1|2024-03-14, A/cattle/Texas/24-009110-004/2024_H5N1|PP752853.1|2024-03-14, A/cattle/Texas/24-009110-005/2024_H5N1|PP752861.1|2024-03-14, A/cattle/Texas/24-009110-006/2024_H5N1|PP752869.1|2024-03-14, A/cattle/Texas/24-009110-007/2024_H5N1|PP752877.1|2024-03-14, A/cattle/Texas/24-009110-008/2024_H5N1|PP752885.1|2024-03-14, A/cattle/Texas/24-009110-010/2024_H5N1|PP752893.1|2024-03-14, A/cattle/Texas/24-009110-011/2024_H5N1|PP753285.1|2024-03-14, A/cattle/Texas/24-009110-012/2024_H5N1|PP753293.1|2024-03-14, A/cattle/Texas/24-009110-014/2024_H5N1|PP753301.1|2024-03-14, A/cattle/Texas/24-009110-015/2024_H5N1|PP753309.1|2024-03-14, A/cattle/Texas/24-009110-016/2024_H5N1|PP753317.1|2024-03-14, A/cattle/Texas/24-009110-017/2024_H5N1|PP753325.1|2024-03-14, A/cattle/Texas/24-009110-018/2024_H5N1|PP753093.1|2024-03-14, A/cattle/Texas/24-009110-019/2024_H5N1|PP753101.1|2024-03-14, A/cattle/Texas/24-009110-021/2024_H5N1|PP753117.1|2024-03-14, A/cattle/Texas/24-009110-022/2024_H5N1|PP753125.1|2024-03-14, A/cattle/Texas/24-009110-023/2024_H5N1|PP753133.1|2024-03-14, A/cattle/Texas/24-009110-024/2024_H5N1|PP755821.1|2024-03-14, A/cattle/Texas/24-009110-025/2024_H5N1|PP755829.1|2024-03-14, A/cattle/Texas/24-009110-027/2024_H5N1|PP755845.1|2024-03-14, A/cattle/Texas/24-010331-001/2024_H5N1|PP753373.1|2024-03-14	2024.199
2024.199	1.000	0.007	I4M, L131Q, A156E, T211I	I-3M, L122Q, A144E, T199I	I-13M, L115Q, A140E, T195I	0.285	0.567	-0.163	0.256	0.791	0.996	-0.276	0.000	1	A/cattle/Texas/24-009110-026/2024_H5N1|PP755837.1|2024-03-14	2024.199
2024.199	1.000	0.007	L131Q, A156E, T211I, I422V	L122Q, A144E, T199I, I406V	L115Q, A140E, T195I, I406V	0.787	0.624	-0.077	0.256	0.830	0.996	-0.253	0.000	1	A/cattle/Texas/24-009110-020/2024_H5N1|PP753109.1|2024-03-14	2024.199
2024.199	1.000	0.007	L131Q, A156E, T211I, V467A	L122Q, A144E, T199I, V451A	L115Q, A140E, T195I, V451A	0.285	1.085	0.016	0.256	0.848	0.996	-0.199	0.000	1	A/cattle/Texas/24-009110-003/2024_H5N1|PP752789.1|2024-03-14	2024.199
2024.202	1.000	0.005	L131Q, A156E, T211I	L122Q, A144E, T199I	L115Q, A140E, T195I	0.285	0.711	0.016	0.256	0.848	0.996	-0.199	0.000	6	A/Cattle/New_Mexico/24-010194-001-original/2024_H5N1|PQ011683.1|2024-03-15, A/Cattle/New_Mexico/24-010195-001-original/2024_H5N1|PQ010907.1|2024-03-15, A/Cattle/Texas/24-009810-001/2024_H5N1|PQ010891.1|2024-03-15, A/cattle/New_Mexico/24-010194-001/2024_H5N1|PP756029.1|2024-03-15, A/cattle/New_Mexico/24-010195-001/2024_H5N1|PP756037.1|2024-03-15, A/cattle/New_Mexico/24-010195-004/2024_H5N1|PP756045.1|2024-03-15	2024.202
2024.205	1.000	0.005	L131Q, A156E, T211I	L122Q, A144E, T199I	L115Q, A140E, T195I	0.285	0.711	0.016	0.256	0.848	0.996	-0.199	0.000	3	A/cattle/New_Mexico/24-009309-001/2024_H5N1|PP753573.1|2024-03-16, A/cattle/New_Mexico/24-009309-002/2024_H5N1|PP753581.1|2024-03-16, A/cattle/New_Mexico/24-009309-004/2024_H5N1|PP753589.1|2024-03-16	2024.205
2024.208	1.000	0.007	L131Q, A156E, A172T, T211I	L122Q, A144E, A160T, T199I	L115Q, A140E, A156T, T195I	0.393	1.036	2.273	2.513	1.729	1.877	-0.280	0.000	1	A/cattle/Texas/24-009499-001/2024_H5N1|PP755789.1|2024-03-17	2024.208
2024.208	1.000	0.007	L131Q, A156E, T211I, I351K	L122Q, A144E, T199I, I335K	L115Q, A140E, T195I, I335K	0.285	-5.109	0.016	0.256	0.848	0.996	-0.199	0.000	1	A/cattle/Texas/24-009499-002/2024_H5N1|PP755797.1|2024-03-17	2024.208
2024.213	1.000	0.005	L131Q, A156E, T211I	L122Q, A144E, T199I	L115Q, A140E, T195I	0.285	0.711	0.016	0.256	0.848	0.996	-0.199	0.000	6	A/Cattle/Texas/24-009308-004-original/2024_H5N1|PQ011907.1|2024-03-19, A/cattle/Texas/24-009308-002/2024_H5N1|PP755941.1|2024-03-19, A/cattle/Texas/24-009308-003/2024_H5N1|PP755949.1|2024-03-19, A/cattle/Texas/24-009308-004/2024_H5N1|PP755957.1|2024-03-19, A/cattle/Texas/24-009308-006/2024_H5N1|PP753597.1|2024-03-19, A/cattle/Texas/24-009308-008/2024_H5N1|PP753605.1|2024-03-19	2024.213
2024.213	1.000	0.007	L131Q, A156E, T211I, I351K	L122Q, A144E, T199I, I335K	L115Q, A140E, T195I, I335K	0.285	-5.109	0.016	0.256	0.848	0.996	-0.199	0.000	1	A/cattle/Texas/24-009308-001/2024_H5N1|PP755917.1|2024-03-19	2024.213
2024.216	1.000	0.005	L131Q, A156E, T211I	L122Q, A144E, T199I	L115Q, A140E, T195I	0.285	0.711	0.016	0.256	0.848	0.996	-0.199	0.000	30	A/cattle/Texas/24-008660-001/2024_H5N1|PP755653.1|2024-03-20, A/cattle/Texas/24-008660-002/2024_H5N1|PP755661.1|2024-03-20, A/cattle/Texas/24-008749-001/2024_H5N1|PP755669.1|2024-03-20, A/cattle/Texas/24-008749-002/2024_H5N1|PP755581.1|2024-03-20, A/cattle/Texas/24-008749-003/2024_H5N1|PP755589.1|2024-03-20, A/cattle/Texas/24-008749-004/2024_H5N1|PP755597.1|2024-03-20, A/cattle/Texas/24-008749-005/2024_H5N1|PP755605.1|2024-03-20, A/cattle/Texas/24-008749-006-original/2024_H5N1|PP799237.1|2024-03-20, A/cattle/Texas/24-008749-007/2024_H5N1|PP755613.1|2024-03-20, A/cattle/Texas/24-008749-008/2024_H5N1|PP755621.1|2024-03-20, A/cattle/Texas/24-009028-009/2024_H5N1|PP752741.1|2024-03-20, A/cattle/Texas/24-009087-001/2024_H5N1|PP752669.1|2024-03-20, A/cattle/Texas/24-009108-001/2024_H5N1|PP752797.1|2024-03-20, A/cattle/Texas/24-009108-002/2024_H5N1|PP752805.1|2024-03-20, A/cattle/Texas/24-009108-003/2024_H5N1|PP752813.1|2024-03-20, A/cattle/Texas/24-009108-004/2024_H5N1|PP752821.1|2024-03-20, A/cattle/Texas/24-009108-005/2024_H5N1|PP752829.1|2024-03-20, A/cattle/Texas/24-009108-006/2024_H5N1|PP752837.1|2024-03-20, A/cattle/Texas/24-009108-007/2024_H5N1|PP755869.1|2024-03-20, A/cattle/Texas/24-009109-002/2024_H5N1|PP755885.1|2024-03-20, A/cattle/Texas/24-009109-003/2024_H5N1|PP755893.1|2024-03-20, A/cattle/Texas/24-009109-004/2024_H5N1|PP755901.1|2024-03-20, A/cattle/Texas/24-009109-005/2024_H5N1|PP755909.1|2024-03-20, A/cattle/Texas/24-009109-006/2024_H5N1|PP752749.1|2024-03-20, A/cattle/Texas/24-009109-007/2024_H5N1|PP752757.1|2024-03-20, A/cattle/Texas/24-009109-008/2024_H5N1|PP752765.1|2024-03-20, A/cattle/Texas/24-010513-002/2024_H5N1|PP753149.1|2024-03-20, A/cattle/Texas/24-010513-003/2024_H5N1|PP753157.1|2024-03-20, A/cattle/Texas/24-010513-004/2024_H5N1|PP753165.1|2024-03-20, A/cattle/Texas/24-010513-007/2024_H5N1|PP753181.1|2024-03-20	2024.216
2024.216	1.000	0.007	L131Q, A156E, A172T, T211I	L122Q, A144E, A160T, T199I	L115Q, A140E, A156T, T195I	0.393	1.036	2.273	2.513	1.729	1.877	-0.280	0.000	6	A/cattle/Texas/24-009028-001/2024_H5N1|PP824547.1|2024-03-20, A/cattle/Texas/24-009028-003/2024_H5N1|PP752709.1|2024-03-20, A/cattle/Texas/24-009028-005/2024_H5N1|PP752717.1|2024-03-20, A/cattle/Texas/24-009028-007/2024_H5N1|PP752725.1|2024-03-20, A/cattle/Texas/24-009028-008/2024_H5N1|PP752733.1|2024-03-20, A/cattle/Texas/24-009028-019/2024_H5N1|PP752653.1|2024-03-20	2024.216
2024.216	1.000	0.007	L131Q, A156E, T211I, P337L	L122Q, A144E, T199I, P324L	L115Q, A140E, T195I, P321L	0.285	1.215	0.016	0.256	0.848	0.996	-0.199	0.000	1	A/cattle/Texas/24-009109-001/2024_H5N1|PP755877.1|2024-03-20	2024.216
2024.216	1.000	0.007	L131Q, T143A, A156E, T211I	L122Q, T132A, A144E, T199I	L115Q, T127A, A140E, T195I	0.285	0.711	0.016	0.256	0.848	0.996	-0.199	0.000	1	A/cattle/Kansas/24-008767-001/2024_H5N1|PP752600.1|2024-03-20	2024.216
2024.216	1.000	0.007	V11I, L131Q, A156E, T211I	V5I, L122Q, A144E, T199I	V-6I, L115Q, A140E, T195I	0.285	0.711	0.016	0.256	0.848	0.996	-0.199	0.000	1	A/cattle/Texas/24-009028-002/2024_H5N1|PP752701.1|2024-03-20	2024.216
2024.219	1.000	0.005	L131Q, A156E, T211I	L122Q, A144E, T199I	L115Q, A140E, T195I	0.285	0.711	0.016	0.256	0.848	0.996	-0.199	0.000	22	A/Cattle/Kansas/24-008766-001-v/2024_H5N1|PQ010803.1|2024-03-21, A/Cattle/Texas/24-009310-006-original/2024_H5N1|PQ010843.1|2024-03-21, A/cattle/Kansas/24-008766-001/2024_H5N1|PP824620.1|2024-03-21, A/cattle/Texas/24-009029-001/2024_H5N1|PP752661.1|2024-03-21, A/cattle/Texas/24-009310-005/2024_H5N1|PP753613.1|2024-03-21, A/cattle/Texas/24-009310-006/2024_H5N1|PP755965.1|2024-03-21, A/cattle/Texas/24-009310-007/2024_H5N1|PP755973.1|2024-03-21, A/cattle/Texas/24-009310-009/2024_H5N1|PP755981.1|2024-03-21, A/cattle/Texas/24-009310-010/2024_H5N1|PP755989.1|2024-03-21, A/cattle/Texas/24-009367-001/2024_H5N1|PP753381.1|2024-03-21, A/cattle/Texas/24-009495-001/2024_H5N1|PP753453.1|2024-03-21, A/cattle/Texas/24-009495-002/2024_H5N1|PP753461.1|2024-03-21, A/cattle/Texas/24-009495-003/2024_H5N1|PP753469.1|2024-03-21, A/cattle/Texas/24-009495-004/2024_H5N1|PP755733.1|2024-03-21, A/cattle/Texas/24-009495-005/2024_H5N1|PP755741.1|2024-03-21, A/cattle/Texas/24-009495-007/2024_H5N1|PP755725.1|2024-03-21, A/cattle/Texas/24-009495-008/2024_H5N1|PP755749.1|2024-03-21, A/cattle/Texas/24-009495-009/2024_H5N1|PP755757.1|2024-03-21, A/cattle/Texas/24-009495-010/2024_H5N1|PP755765.1|2024-03-21, A/cattle/Texas/24-009495-011/2024_H5N1|PP752925.1|2024-03-21, A/cattle/Texas/24-009495-012/2024_H5N1|PP752933.1|2024-03-21, A/cattle/Texas/56283/2024_H5N1|PP600143.1|2024-03-21	2024.219
2024.227	1.000	0.005	L131Q, A156E, T211I	L122Q, A144E, T199I	L115Q, A140E, T195I	0.285	0.711	0.016	0.256	0.848	0.996	-0.199	0.000	6	A/Cattle/Michigan/24-009027-002-v/2024_H5N1|PQ011563.1|2024-03-24, A/Cattle/Michigan/24-009027-004-original-repeat/2024_H5N1|PQ011579.1|2024-03-24, A/cattle/Michigan/24-009027-001/2024_H5N1|PP755677.1|2024-03-24, A/cattle/Michigan/24-009027-002/2024_H5N1|PP824612.1|2024-03-24, A/cattle/Michigan/24-009027-004/2024_H5N1|PP755693.1|2024-03-24, A/cattle/Michigan/24-009027-010/2024_H5N1|PP755709.1|2024-03-24	2024.227
2024.227	1.000	0.007	L131Q, A156E, T211I, P337L	L122Q, A144E, T199I, P324L	L115Q, A140E, T195I, P321L	0.285	1.215	0.016	0.256	0.848	0.996	-0.199	0.000	4	A/Cattle/Michigan/24-009027-003-original-repeat/2024_H5N1|PQ011571.1|2024-03-24, A/Cattle/Michigan/24-009027-005-original-MTM/2024_H5N1|PQ011587.1|2024-03-24, A/cattle/Michigan/24-009027-003/2024_H5N1|PP755685.1|2024-03-24, A/cattle/Michigan/24-009027-005/2024_H5N1|PP755701.1|2024-03-24	2024.227
2024.230	1.000	0.005	L131Q, A156E, T211I	L122Q, A144E, T199I	L115Q, A140E, T195I	0.285	0.711	0.016	0.256	0.848	0.996	-0.199	0.000	21	A/Cattle/New_Mexico/24-009306-003-original/2024_H5N1|PQ011675.1|2024-03-25, A/Cattle/New_Mexico/24-009306-004-original/2024_H5N1|PQ010835.1|2024-03-25, A/cattle/Kansas/24-009497-003/2024_H5N1|PP752901.1|2024-03-25, A/cattle/Kansas/24-009497-004/2024_H5N1|PP752909.1|2024-03-25, A/cattle/Kansas/24-009497-005/2024_H5N1|PP752917.1|2024-03-25, A/cattle/Kansas/24-009497-006/2024_H5N1|PP753045.1|2024-03-25, A/cattle/Kansas/24-009497-008/2024_H5N1|PP753061.1|2024-03-25, A/cattle/Kansas/24-009497-009/2024_H5N1|PP753069.1|2024-03-25, A/cattle/Kansas/24-009497-010/2024_H5N1|PP753077.1|2024-03-25, A/cattle/Kansas/24-009497-011/2024_H5N1|PP753085.1|2024-03-25, A/cattle/Kansas/24-009497-012/2024_H5N1|PP755773.1|2024-03-25, A/cattle/Kansas/24-009497-014/2024_H5N1|PP755781.1|2024-03-25, A/cattle/New_Mexico/24-009306-003/2024_H5N1|PP755925.1|2024-03-25, A/cattle/New_Mexico/24-009306-004/2024_H5N1|PP755933.1|2024-03-25, A/cattle/Texas/24-009367-002/2024_H5N1|PP753389.1|2024-03-25, A/cattle/Texas/24-009367-004/2024_H5N1|PP753405.1|2024-03-25, A/cattle/Texas/24-009367-007/2024_H5N1|PP753421.1|2024-03-25, A/cattle/Texas/24-009367-012/2024_H5N1|PP753261.1|2024-03-25, A/cattle/Texas/24-009367-016/2024_H5N1|PP753549.1|2024-03-25, A/cattle/Texas/24-009367-018/2024_H5N1|PP753557.1|2024-03-25, A/cattle/Texas/24-009367-023/2024_H5N1|PP753565.1|2024-03-25	2024.230
2024.230	1.000	0.007	L131Q, A156E, A172T, T211I	L122Q, A144E, A160T, T199I	L115Q, A140E, A156T, T195I	0.393	1.036	2.273	2.513	1.729	1.877	-0.280	0.000	1	A/cattle/Texas/24-009367-011/2024_H5N1|PP753253.1|2024-03-25	2024.230
2024.230	1.000	0.007	L131Q, A156E, T211I, I546S	L122Q, A144E, T199I, I529S	L115Q, A140E, T195I, I530S	0.285	-0.488	0.068	0.308	0.930	1.078	-0.179	0.020	5	A/cattle/Texas/24-009367-003/2024_H5N1|PP753397.1|2024-03-25, A/cattle/Texas/24-009367-005/2024_H5N1|PP753413.1|2024-03-25, A/cattle/Texas/24-009367-010/2024_H5N1|PP753245.1|2024-03-25, A/cattle/Texas/24-009367-013/2024_H5N1|PP753269.1|2024-03-25, A/cattle/Texas/24-009367-014/2024_H5N1|PP753277.1|2024-03-25	2024.230
2024.230	1.000	0.007	L131Q, T143A, A156E, T211I	L122Q, T132A, A144E, T199I	L115Q, T127A, A140E, T195I	0.285	0.711	0.016	0.256	0.848	0.996	-0.199	0.000	1	A/cattle/Kansas/24-009497-007/2024_H5N1|PP753053.1|2024-03-25	2024.230
2024.230	1.000	0.011	L131Q, A156E, A172T, T211I, G288S, I546S	L122Q, A144E, A160T, T199I, G275S, I529S	L115Q, A140E, A156T, T195I, G272S, I530S	0.931	-0.024	2.253	2.565	1.727	1.959	-0.450	0.020	1	A/cattle/Texas/24-009367-009/2024_H5N1|PP753237.1|2024-03-25	2024.230
2024.235	1.000	0.005	L131Q, A156E, T211I	L122Q, A144E, T199I	L115Q, A140E, T195I	0.285	0.711	0.016	0.256	0.848	0.996	-0.199	0.000	6	A/Cattle/Idaho/24-009779-005-original/2024_H5N1|PQ010883.1|2024-03-27, A/cattle/Idaho/24-009491-001/2024_H5N1|PP753525.1|2024-03-27, A/cattle/Idaho/24-009491-002/2024_H5N1|PP753533.1|2024-03-27, A/cattle/Idaho/24-009491-003/2024_H5N1|PP753541.1|2024-03-27, A/cattle/Idaho/24-009491-006/2024_H5N1|PP753437.1|2024-03-27, A/cattle/Idaho/24-009491-007/2024_H5N1|PP753445.1|2024-03-27	2024.235
2024.235	1.000	0.007	L131Q, A156E, T211I, A543V	L122Q, A144E, T199I, A526V	L115Q, A140E, T195I, A527V	0.285	-0.027	-0.019	0.256	0.889	1.037	-0.207	0.000	1	A/cattle/Idaho/24-009491-005/2024_H5N1|PP753429.1|2024-03-27	2024.235
2024.238	1.000	0.007	I10M, L131Q, A156E, T211I	I4M, L122Q, A144E, T199I	I-7M, L115Q, A140E, T195I	0.285	0.913	-0.095	0.256	0.669	0.996	-0.248	0.000	1	A/cattle/Texas/24-010513-006/2024_H5N1|PP753173.1|2024-03-28	2024.238
2024.240	1.000	0.005	L131Q, A156E, T211I	L122Q, A144E, T199I	L115Q, A140E, T195I	0.285	0.711	0.016	0.256	0.848	0.996	-0.199	0.000	8	A/cattle/New_Mexico/24-010193-003/2024_H5N1|PP753693.1|2024-03-29, A/cattle/New_Mexico/24-010193-006/2024_H5N1|PP753701.1|2024-03-29, A/cattle/New_Mexico/24-010193-007/2024_H5N1|PP753709.1|2024-03-29, A/cattle/Ohio/24-009586-001/2024_H5N1|PP753717.1|2024-03-29, A/cattle/Ohio/24-009586-002/2024_H5N1|PP753725.1|2024-03-29, A/cattle/Ohio/24-009586-005/2024_H5N1|PP753741.1|2024-03-29, A/cattle/Ohio/24-009586-008/2024_H5N1|PP753629.1|2024-03-29, A/cattle/Ohio/24-009586-010/2024_H5N1|PP753645.1|2024-03-29	2024.240
2024.240	1.000	0.007	L131Q, A156E, T211I, E509G	L122Q, A144E, T199I, E493G	L115Q, A140E, T195I, E493G	0.285	0.643	-0.008	0.256	0.873	1.021	-0.170	0.029	3	A/cattle/Ohio/24-009586-006/2024_H5N1|PP753749.1|2024-03-29, A/cattle/Ohio/24-009586-007/2024_H5N1|PP753621.1|2024-03-29, A/cattle/Ohio/24-009586-009/2024_H5N1|PP753637.1|2024-03-29	2024.240
2024.240	1.000	0.009	A9T, L131Q, A156E, T211I, E509G	A3T, L122Q, A144E, T199I, E493G	A-8T, L115Q, A140E, T195I, E493G	0.706	0.318	0.119	0.383	0.872	1.021	-0.179	0.029	1	A/cattle/Ohio/24-009586-003/2024_H5N1|PP753733.1|2024-03-29	2024.240
2024.243	1.000	0.005	L131Q, A156E, T211I	L122Q, A144E, T199I	L115Q, A140E, T195I	0.285	0.711	0.016	0.256	0.848	0.996	-0.199	0.000	3	A/Cattle/Ohio/24-010202-001-original/2024_H5N1|PQ011739.1|2024-03-30, A/Cattle/Ohio/24-010202-003-original/2024_H5N1|PQ011755.1|2024-03-30, A/Cattle/Ohio/24-010202-005-original/2024_H5N1|PQ011771.1|2024-03-30	2024.243
2024.243	1.000	0.007	L131Q, A156E, T211I, E509G	L122Q, A144E, T199I, E493G	L115Q, A140E, T195I, E493G	0.285	0.643	-0.008	0.256	0.873	1.021	-0.170	0.029	4	A/Cattle/Ohio/24-010202-007-original/2024_H5N1|PQ011779.1|2024-03-30, A/Cattle/Ohio/24-010202-009-original/2024_H5N1|PQ011787.1|2024-03-30, A/Cattle/Ohio/24-010202-011-original/2024_H5N1|PQ011795.1|2024-03-30, A/Cattle/Ohio/24-010202-013-original/2024_H5N1|PQ011811.1|2024-03-30	2024.243
2024.249	1.000	0.005	L131Q, A156E, T211I	L122Q, A144E, T199I	L115Q, A140E, T195I	0.285	0.711	0.016	0.256	0.848	0.996	-0.199	0.000	47	A/Cattle/Michigan/24-010071-012-original/2024_H5N1|PQ011595.1|2024-04-01, A/Cattle/Michigan/24-010071-013-original/2024_H5N1|PQ011603.1|2024-04-01, A/Cattle/Michigan/24-010071-014-original/2024_H5N1|PQ011611.1|2024-04-01, A/Cattle/Michigan/24-010071-015-original/2024_H5N1|PQ011619.1|2024-04-01, A/Cattle/Michigan/24-010071-016-original/2024_H5N1|PQ011627.1|2024-04-01, A/Cattle/Michigan/24-010071-017-original/2024_H5N1|PQ011635.1|2024-04-01, A/Cattle/Michigan/24-010071-018-original/2024_H5N1|PQ011643.1|2024-04-01, A/Cattle/Michigan/24-010071-020-original/2024_H5N1|PQ010899.1|2024-04-01, A/Cattle/New_Mexico/24-010330-002-original-300/2024_H5N1|PQ011691.1|2024-04-01, A/Cattle/New_Mexico/24-010330-004-original-300/2024_H5N1|PQ011699.1|2024-04-01, A/Cattle/New_Mexico/24-010330-006-original-300/2024_H5N1|PQ011707.1|2024-04-01, A/Cattle/New_Mexico/24-010330-009-original-300/2024_H5N1|PQ011715.1|2024-04-01, A/Cattle/New_Mexico/24-010330-011-original-300/2024_H5N1|PQ011723.1|2024-04-01, A/Cattle/New_Mexico/24-010330-012-original-300/2024_H5N1|PQ011731.1|2024-04-01, A/Cattle/New_Mexico/24-010330-013-original-300/2024_H5N1|PQ010947.1|2024-04-01, A/Dairy_cattle/Kansas/5/2024_H5N1|PP732376.1|2024-04, A/cattle/Michigan/24-010071-001/2024_H5N1|PP753477.1|2024-04-01, A/cattle/Michigan/24-010071-002/2024_H5N1|PP753189.1|2024-04-01, A/cattle/Michigan/24-010071-003/2024_H5N1|PP753197.1|2024-04-01, A/cattle/Michigan/24-010071-005/2024_H5N1|PP753205.1|2024-04-01, A/cattle/Michigan/24-010071-006/2024_H5N1|PP753213.1|2024-04-01, A/cattle/Michigan/24-010071-007/2024_H5N1|PP753221.1|2024-04-01, A/cattle/Michigan/24-010071-009/2024_H5N1|PP753669.1|2024-04-01, A/cattle/Michigan/24-010071-010/2024_H5N1|PP753677.1|2024-04-01, A/cattle/New_Mexico/24-010192-003/2024_H5N1|PP824554.1|2024-04-01, A/cattle/New_Mexico/24-010192-006/2024_H5N1|PP753685.1|2024-04-01, A/cattle/New_Mexico/24-010330-002/2024_H5N1|PP824567.1|2024-04-01, A/cattle/New_Mexico/24-010330-003/2024_H5N1|PP756069.1|2024-04-01, A/cattle/New_Mexico/24-010330-004-300/2024_H5N1|PP799693.1|2024-04-01, A/cattle/New_Mexico/24-010330-005/2024_H5N1|PP756077.1|2024-04-01, A/cattle/New_Mexico/24-010330-006-300/2024_H5N1|PP799701.1|2024-04-01, A/cattle/New_Mexico/24-010330-007/2024_H5N1|PP753333.1|2024-04-01, A/cattle/New_Mexico/24-010330-008/2024_H5N1|PP753341.1|2024-04-01, A/cattle/New_Mexico/24-010330-009-300/2024_H5N1|PP799709.1|2024-04-01, A/cattle/New_Mexico/24-010330-011-300/2024_H5N1|PP799717.1|2024-04-01, A/cattle/New_Mexico/24-010330-012-300/2024_H5N1|PP799725.1|2024-04-01, A/cattle/New_Mexico/24-010330-013-300/2024_H5N1|PP799733.1|2024-04-01, A/dairy_cow/Georgia/2%_reduced_fat_milk-4454-4/2024_H5N1|PQ162268.1|2024-04, A/dairy_cow/Kansas/2%_reduced_fat_milk-0528-6/2024_H5N1|PQ162276.1|2024-04, A/dairy_cow/Kansas/whole_milk-0528-2/2024_H5N1|PQ162264.1|2024-04, A/dairy_cow/Oklahoma/fat_free_milk-3261-10/2024_H5N1|PQ162271.1|2024-04, A/dairy_cow/Oklahoma/fat_free_milk-3261-8/2024_H5N1|PQ162265.1|2024-04, A/dairy_cow/Oklahoma/whole_milk-3261-12/2024_H5N1|PQ162267.1|2024-04, A/dairy_cow/Texas/2%_reduced_fat_milk-6855-3/2024_H5N1|PQ162275.1|2024-04, A/dairy_cow/Texas/2%_reduced_fat_milk-6855-9/2024_H5N1|PQ162273.1|2024-04, A/dairy_cow/Texas/vitamin_D_milk-6855-2/2024_H5N1|PQ162274.1|2024-04, A/dairy_cow/Texas/vitamin_D_milk-6855-8/2024_H5N1|PQ162269.1|2024-04	2024.249
2024.249	1.000	0.007	K129E, L131Q, A156E, T211I	K120E, L122Q, A144E, T199I	K113E, L115Q, A140E, T195I	0.931	0.723	0.043	0.283	1.276	1.424	-0.596	0.000	1	A/dairy_cow/Kansas/1%_low_fat_milk-0528-12/2024_H5N1|PQ162272.1|2024-04	2024.249
2024.249	1.000	0.007	L131Q, A156E, T211I, I301M	L122Q, A144E, T199I, I288M	L115Q, A140E, T195I, I285M	0.285	0.711	0.016	0.256	0.848	0.996	-0.199	0.000	1	A/cattle/Michigan/24-010071-008/2024_H5N1|PP753229.1|2024-04-01	2024.249
2024.249	1.000	0.007	L131Q, T143A, A156E, T211I	L122Q, T132A, A144E, T199I	L115Q, T127A, A140E, T195I	0.285	0.711	0.016	0.256	0.848	0.996	-0.199	0.000	2	A/dairy_cow/Minnesota/1%_low_fat-9168-3/2024_H5N1|PQ162266.1|2024-04, A/dairy_cow/Minnesota/whole_milk-9168-1/2024_H5N1|PQ162270.1|2024-04	2024.249
2024.251	1.000	0.005	L131Q, A156E, T211I	L122Q, A144E, T199I	L115Q, A140E, T195I	0.285	0.711	0.016	0.256	0.848	0.996	-0.199	0.000	1	A/cattle/New_Mexico/24-010512-001/2024_H5N1|PP753141.1|2024-04-02	2024.251
2024.254	1.000	0.005	L131Q, A156E, T211I	L122Q, A144E, T199I	L115Q, A140E, T195I	0.285	0.711	0.016	0.256	0.848	0.996	-0.199	0.000	7	A/Cattle/Michigan/24-010231-001-original/2024_H5N1|PQ011651.1|2024-04-03, A/Cattle/Michigan/24-010231-002-original/2024_H5N1|PQ011659.1|2024-04-03, A/Cattle/Michigan/24-010303-002-original/2024_H5N1|PQ010923.1|2024-04-03, A/Cattle/Ohio/24-010202-012-original/2024_H5N1|PQ011803.1|2024-04-03, A/Cattle/Ohio/24-010202-014-original/2024_H5N1|PQ010915.1|2024-04-03, A/cattle/Michigan/24-010303-002/2024_H5N1|PP756021.1|2024-04-03, A/cattle/Texas/24-010514-002/2024_H5N1|PP752845.1|2024-04-03	2024.254
2024.254	1.000	0.007	L131Q, A156E, T211I, E509G	L122Q, A144E, T199I, E493G	L115Q, A140E, T195I, E493G	0.285	0.643	-0.008	0.256	0.873	1.021	-0.170	0.029	2	A/Cattle/Ohio/24-010202-002-original/2024_H5N1|PQ011747.1|2024-04-03, A/Cattle/Ohio/24-010202-004-original/2024_H5N1|PQ011763.1|2024-04-03	2024.254
2024.254	1.000	0.007	L131Q, A156E, T211I, P337L	L122Q, A144E, T199I, P324L	L115Q, A140E, T195I, P321L	0.285	1.215	0.016	0.256	0.848	0.996	-0.199	0.000	2	A/Cattle/Michigan/24-010303-001-original-300/2024_H5N1|PQ011667.1|2024-04-03, A/cattle/Michigan/24-010303-001/2024_H5N1|PP756013.1|2024-04-03	2024.254
2024.257	1.000	0.005	L131Q, A156E, T211I	L122Q, A144E, T199I	L115Q, A140E, T195I	0.285	0.711	0.016	0.256	0.848	0.996	-0.199	0.000	9	A/Cattle/Montana/24-010327-004/2024_H5N1|PQ010939.1|2024-04-04, A/cattle/NM/24-015840-001-original-repeat2/2024_H5N1|PQ274814.1|2024-04-04, A/cattle/NM/24-015840-002-original-repeat2/2024_H5N1|PQ274822.1|2024-04-04, A/cattle/North_Carolina/24-010327-002/2024_H5N1|PP756061.1|2024-04-04, A/cattle/North_Carolina/24-010327-003/2024_H5N1|PP756085.1|2024-04-04, A/cattle/North_Carolina/24-010327-005/2024_H5N1|PP824561.1|2024-04-04, A/cattle/Texas/MP09/2024_H5N1|PP914078.1|2024-04-04, A/cattle/Texas/MP10/2024_H5N1|PP914102.1|2024-04-04, A/cattle/Texas/USL_042/2024_H5N1|PP914086.1|2024-04-04	2024.257
2024.260	1.000	0.007	L131Q, T143A, A156E, T211I	L122Q, T132A, A144E, T199I	L115Q, T127A, A140E, T195I	0.285	0.711	0.016	0.256	0.848	0.996	-0.199	0.000	28	A/Cattle/South_Dakota/24-010354-004-original-300/2024_H5N1|PQ011819.1|2024-04-05, A/Cattle/South_Dakota/24-010354-006-original-300/2024_H5N1|PQ011827.1|2024-04-05, A/Cattle/South_Dakota/24-010354-010-original-300/2024_H5N1|PQ011851.1|2024-04-05, A/Cattle/South_Dakota/24-010354-013-original-300/2024_H5N1|PQ011859.1|2024-04-05, A/Cattle/South_Dakota/24-010354-014-original-300/2024_H5N1|PQ011867.1|2024-04-05, A/Cattle/South_Dakota/24-010354-015-original-300/2024_H5N1|PQ011875.1|2024-04-05, A/Cattle/South_Dakota/24-010354-016-original-300/2024_H5N1|PQ011883.1|2024-04-05, A/Cattle/South_Dakota/24-010354-017-original-300/2024_H5N1|PQ011891.1|2024-04-05, A/Cattle/South_Dakota/24-010354-018-original-300/2024_H5N1|PQ011899.1|2024-04-05, A/Cattle/South_Dakota/24-010354-019-original-300/2024_H5N1|PQ010955.1|2024-04-05, A/cattle/South_Dakota/24-010354-001/2024_H5N1|PP753349.1|2024-04-05, A/cattle/South_Dakota/24-010354-002/2024_H5N1|PP753357.1|2024-04-05, A/cattle/South_Dakota/24-010354-003/2024_H5N1|PP753365.1|2024-04-05, A/cattle/South_Dakota/24-010354-004-300/2024_H5N1|PP799539.1|2024-04-05, A/cattle/South_Dakota/24-010354-005/2024_H5N1|PP752949.1|2024-04-05, A/cattle/South_Dakota/24-010354-006-300/2024_H5N1|PP799547.1|2024-04-05, A/cattle/South_Dakota/24-010354-008/2024_H5N1|PP752957.1|2024-04-05, A/cattle/South_Dakota/24-010354-010-300/2024_H5N1|PP799563.1|2024-04-05, A/cattle/South_Dakota/24-010354-011/2024_H5N1|PP752965.1|2024-04-05, A/cattle/South_Dakota/24-010354-012/2024_H5N1|PP752973.1|2024-04-05, A/cattle/South_Dakota/24-010354-013-300/2024_H5N1|PP799571.1|2024-04-05, A/cattle/South_Dakota/24-010354-014-300/2024_H5N1|PP799579.1|2024-04-05, A/cattle/South_Dakota/24-010354-015-300/2024_H5N1|PP799255.1|2024-04-05, A/cattle/South_Dakota/24-010354-016-300/2024_H5N1|PP799263.1|2024-04-05, A/cattle/South_Dakota/24-010354-017-300/2024_H5N1|PP799271.1|2024-04-05, A/cattle/South_Dakota/24-010354-018-300/2024_H5N1|PP799279.1|2024-04-05, A/cattle/South_Dakota/24-010354-019-300/2024_H5N1|PP799287.1|2024-04-05, A/cattle/South_Dakota/24-010354-020/2024_H5N1|PP752981.1|2024-04-05	2024.260
2024.260	1.000	0.009	D113N, L131Q, T143A, A156E, T211I	D104N, L122Q, T132A, A144E, T199I	D97N, L115Q, T127A, A140E, T195I	0.285	0.441	0.324	0.564	1.019	1.167	0.028	0.227	1	A/Cattle/South_Dakota/24-010354-007-original/2024_H5N1|PQ011835.1|2024-04-05	2024.260
2024.260	1.000	0.009	L131Q, T143A, A156E, T211I, A538V	L122Q, T132A, A144E, T199I, A521V	L115Q, T127A, A140E, T195I, A522V	0.285	0.346	0.151	0.391	0.848	0.996	-0.199	0.000	2	A/Cattle/South_Dakota/24-010354-009-original-300/2024_H5N1|PQ011843.1|2024-04-05, A/cattle/South_Dakota/24-010354-009-300/2024_H5N1|PP799555.1|2024-04-05	2024.260
2024.268	1.000	0.005	L131Q, A156E, T211I	L122Q, A144E, T199I	L115Q, A140E, T195I	0.285	0.711	0.016	0.256	0.848	0.996	-0.199	0.000	9	A/cattle/MI/24-010661-003-original/2024_H5N1|PQ220688.1|2024-04-08, A/cattle/MI/24-010661-004-original/2024_H5N1|PQ220696.1|2024-04-08, A/cattle/MI/24-010661-005-original/2024_H5N1|PQ220704.1|2024-04-08, A/cattle/MI/24-010661-007-original/2024_H5N1|PQ220712.1|2024-04-08, A/cattle/MI/24-010661-008-original/2024_H5N1|PQ220720.1|2024-04-08, A/cattle/MI/24-010661-009-original/2024_H5N1|PQ220728.1|2024-04-08, A/cattle/MI/24-010661-010-original/2024_H5N1|PQ220736.1|2024-04-08, A/cattle/MI/24-010661-013-original/2024_H5N1|PQ220744.1|2024-04-08, A/cattle/MI/24-010661-014-original/2024_H5N1|PQ220752.1|2024-04-08	2024.268
2024.268	1.000	0.007	L131Q, A156E, T211I, V526I	L122Q, A144E, T199I, V510I	L115Q, A140E, T195I, V510I	0.285	1.235	0.016	0.256	0.848	0.996	-0.199	0.000	1	A/cattle/MI/24-010661-002-original/2024_H5N1|PQ220680.1|2024-04-08	2024.268
2024.268	1.000	0.009	L131Q, P152S, A156E, A172T, T211I	L122Q, P140S, A144E, A160T, T199I	L115Q, P136S, A140E, A156T, T195I	0.935	1.230	2.387	2.627	1.855	2.003	-0.275	0.005	1	A/cattle/TX/24-015837-002-original-repeat2/2024_H5N1|PQ109679.1|2024-04-08	2024.268
2024.273	1.000	0.007	L131Q, T143A, A156E, T211I	L122Q, T132A, A144E, T199I	L115Q, T127A, A140E, T195I	0.285	0.711	0.016	0.256	0.848	0.996	-0.199	0.000	1	A/Cattle/South_Dakota/24-011802-001-original/2024_H5N1|PQ011003.1|2024-04-10	2024.273
2024.279	1.000	0.007	L131Q, A156E, T211I, P337L	L122Q, A144E, T199I, P324L	L115Q, A140E, T195I, P321L	0.285	1.215	0.016	0.256	0.848	0.996	-0.199	0.000	5	A/cattle/MI/24-011231-001-original/2024_H5N1|PQ168132.1|2024-04-12, A/cattle/MI/24-011231-002-original/2024_H5N1|PQ168140.1|2024-04-12, A/cattle/MI/24-011231-003-original/2024_H5N1|PQ168148.1|2024-04-12, A/cattle/MI/24-011231-004-original/2024_H5N1|PQ168156.1|2024-04-12, A/cattle/MI/24-011231-006-original/2024_H5N1|PQ168164.1|2024-04-12	2024.279
2024.287	1.000	0.005	L131Q, A156E, T211I	L122Q, A144E, T199I	L115Q, A140E, T195I	0.285	0.711	0.016	0.256	0.848	0.996	-0.199	0.000	14	A/Cattle/Idaho/24-011573-002-original-repeat/2024_H5N1|PQ011307.1|2024-04-15, A/Cattle/Idaho/24-011573-004-original/2024_H5N1|PQ011315.1|2024-04-15, A/Cattle/Idaho/24-011573-005-original-repeat/2024_H5N1|PQ011323.1|2024-04-15, A/Cattle/Idaho/24-011573-006-original-repeat/2024_H5N1|PQ011331.1|2024-04-15, A/Cattle/Idaho/24-011573-007-original/2024_H5N1|PQ011339.1|2024-04-15, A/Cattle/Idaho/24-011573-008-original-repeat/2024_H5N1|PQ011347.1|2024-04-15, A/Cattle/Idaho/24-011573-009-original-repeat/2024_H5N1|PQ011355.1|2024-04-15, A/Cattle/Idaho/24-011573-012-original-repeat/2024_H5N1|PQ011363.1|2024-04-15, A/Cattle/Idaho/24-011573-013-original/2024_H5N1|PQ011371.1|2024-04-15, A/Cattle/Idaho/24-011573-014-original/2024_H5N1|PQ011379.1|2024-04-15, A/Cattle/Idaho/24-011573-015-original-repeat/2024_H5N1|PQ011387.1|2024-04-15, A/Cattle/Idaho/24-011573-017-original-repeat/2024_H5N1|PQ011395.1|2024-04-15, A/Cattle/Idaho/24-011573-021-original/2024_H5N1|PQ011403.1|2024-04-15, A/Cattle/Idaho/24-011574-001-original/2024_H5N1|PQ010995.1|2024-04-15	2024.287
2024.301	1.000	0.007	L131Q, A156E, I178V, T211I	L122Q, A144E, I166V, T199I	L115Q, A140E, I162V, T195I	0.285	-0.422	-0.098	0.256	0.890	1.038	-0.199	0.000	1	A/cattle/TX/24-012457-002-original/2024_H5N1|PQ052138.1|2024-04-20	2024.301
2024.301	1.000	0.009	L131Q, A156E, I178V, T211I, S533T	L122Q, A144E, I166V, T199I, S516T	L115Q, A140E, I162V, T195I, S517T	0.285	-0.422	-0.098	0.256	0.890	1.038	-0.199	0.000	1	A/cattle/TX/24-012457-001-original/2024_H5N1|PQ052130.1|2024-04-20	2024.301
2024.309	1.000	0.005	L131Q, A156E, T211I	L122Q, A144E, T199I	L115Q, A140E, T195I	0.285	0.711	0.016	0.256	0.848	0.996	-0.199	0.000	20	A/Cattle/Colorado/24-012225-001-original/2024_H5N1|PQ011179.1|2024-04-23, A/Cattle/Colorado/24-012225-014-original/2024_H5N1|PQ011187.1|2024-04-23, A/Cattle/Colorado/24-012225-019-original/2024_H5N1|PQ011195.1|2024-04-23, A/Cattle/Colorado/24-012225-023-original/2024_H5N1|PQ011203.1|2024-04-23, A/Cattle/Colorado/24-012225-029-original/2024_H5N1|PQ011211.1|2024-04-23, A/Cattle/Colorado/24-012225-033-original/2024_H5N1|PQ011011.1|2024-04-23, A/Cattle/Idaho/24-012341-001-original/2024_H5N1|PQ011411.1|2024-04-23, A/Cattle/Idaho/24-012341-002-original/2024_H5N1|PQ011419.1|2024-04-23, A/Cattle/Idaho/24-012341-004-original/2024_H5N1|PQ011427.1|2024-04-23, A/Cattle/Idaho/24-012341-007-original/2024_H5N1|PQ011435.1|2024-04-23, A/Cattle/Idaho/24-012341-008-original/2024_H5N1|PQ011443.1|2024-04-23, A/Cattle/Idaho/24-012341-010-original/2024_H5N1|PQ011451.1|2024-04-23, A/Cattle/Idaho/24-012341-012-original/2024_H5N1|PQ011459.1|2024-04-23, A/Cattle/Idaho/24-012341-013-original/2024_H5N1|PQ011467.1|2024-04-23, A/Cattle/Idaho/24-012341-014-original/2024_H5N1|PQ011475.1|2024-04-23, A/Cattle/Idaho/24-012341-015-original/2024_H5N1|PQ011483.1|2024-04-23, A/Cattle/Idaho/24-012341-016-original/2024_H5N1|PQ011491.1|2024-04-23, A/Cattle/Idaho/24-012341-017-original/2024_H5N1|PQ011499.1|2024-04-23, A/Cattle/Idaho/24-012341-018-original/2024_H5N1|PQ011507.1|2024-04-23, A/Cattle/Idaho/24-012341-020-original/2024_H5N1|PQ011515.1|2024-04-23	2024.309
2024.309	1.000	0.007	L131Q, A156E, T211I, Q234R	L122Q, A144E, T199I, Q222R	L115Q, A140E, T195I, Q218R	0.285	0.550	-0.013	0.256	0.837	0.996	-0.160	0.039	2	A/Cattle/Idaho/24-012341-021-original/2024_H5N1|PQ011523.1|2024-04-23, A/Cattle/Idaho/24-012341-022-original/2024_H5N1|PQ011027.1|2024-04-23	2024.309
2024.311	1.000	0.005	L131Q, A156E, T211I	L122Q, A144E, T199I	L115Q, A140E, T195I	0.285	0.711	0.016	0.256	0.848	0.996	-0.199	0.000	9	A/Cattle/Colorado/24-012346-001-original/2024_H5N1|PQ011219.1|2024-04-24, A/Cattle/Colorado/24-012346-005-original/2024_H5N1|PQ011227.1|2024-04-24, A/Cattle/Colorado/24-012346-009-original/2024_H5N1|PQ011235.1|2024-04-24, A/Cattle/Colorado/24-012346-017-original/2024_H5N1|PQ011251.1|2024-04-24, A/Cattle/Colorado/24-012346-021-original/2024_H5N1|PQ011035.1|2024-04-24, A/cattle/MI/24-012314-001-original/2024_H5N1|PQ288083.1|2024-04-24, A/cattle/MI/24-012314-002-original/2024_H5N1|PQ288091.1|2024-04-24, A/cattle/MI/24-012314-003-original/2024_H5N1|PQ288099.1|2024-04-24, A/cattle/MI/24-013393-004-original/2024_H5N1|PQ220760.1|2024-04-24	2024.311
2024.311	1.000	0.007	L131Q, A156E, T211I, N417S	L122Q, A144E, T199I, N401S	L115Q, A140E, T195I, N401S	0.525	0.293	0.016	0.256	0.750	0.996	-0.199	0.000	1	A/Cattle/Colorado/24-012346-013-original/2024_H5N1|PQ011243.1|2024-04-24	2024.311
2024.325	1.000	0.005	L131Q, A156E, T211I	L122Q, A144E, T199I	L115Q, A140E, T195I	0.285	0.711	0.016	0.256	0.848	0.996	-0.199	0.000	44	A/cattle/WY/24-016134-002-original/2024_H5N1|PQ052362.1|2024-04-29, A/cattle/WY/24-016134-003-original/2024_H5N1|PQ052370.1|2024-04-29, A/cattle/WY/24-016134-006-original/2024_H5N1|PQ052378.1|2024-04-29, A/cattle/WY/24-016134-026-original/2024_H5N1|PQ052394.1|2024-04-29, A/cattle/WY/24-016134-027-original/2024_H5N1|PQ052402.1|2024-04-29, A/cattle/WY/24-016134-035-original/2024_H5N1|PQ052410.1|2024-04-29, A/cattle/WY/24-016134-047-original/2024_H5N1|PQ052418.1|2024-04-29, A/cattle/WY/24-016134-049-original/2024_H5N1|PQ052426.1|2024-04-29, A/cattle/WY/24-016134-054-original/2024_H5N1|PQ052434.1|2024-04-29, A/cattle/WY/24-016134-060-original/2024_H5N1|PQ052442.1|2024-04-29, A/cattle/WY/24-016134-061-original/2024_H5N1|PQ052450.1|2024-04-29, A/cattle/WY/24-016134-062-original/2024_H5N1|PQ052458.1|2024-04-29, A/cattle/WY/24-016134-063-original/2024_H5N1|PQ052466.1|2024-04-29, A/cattle/WY/24-016134-066-original/2024_H5N1|PQ052474.1|2024-04-29, A/cattle/WY/24-016134-067-original/2024_H5N1|PQ052482.1|2024-04-29, A/cattle/WY/24-016134-071-original/2024_H5N1|PQ052490.1|2024-04-29, A/cattle/WY/24-016134-072-original/2024_H5N1|PQ052498.1|2024-04-29, A/cattle/WY/24-016134-073-original/2024_H5N1|PQ052506.1|2024-04-29, A/cattle/WY/24-016134-074-original/2024_H5N1|PQ052514.1|2024-04-29, A/cattle/WY/24-016134-075-original/2024_H5N1|PQ052522.1|2024-04-29, A/cattle/WY/24-016134-076-original/2024_H5N1|PQ052530.1|2024-04-29, A/cattle/WY/24-016134-077-original/2024_H5N1|PQ052538.1|2024-04-29, A/cattle/WY/24-016134-078-original/2024_H5N1|PQ052546.1|2024-04-29, A/cattle/WY/24-016134-079-original/2024_H5N1|PQ052554.1|2024-04-29, A/cattle/WY/24-016134-080-original/2024_H5N1|PQ052562.1|2024-04-29, A/cattle/WY/24-016134-222-original/2024_H5N1|PQ052570.1|2024-04-29, A/cattle/WY/24-016134-225-original/2024_H5N1|PQ052586.1|2024-04-29, A/cattle/WY/24-016134-226-original/2024_H5N1|PQ052594.1|2024-04-29, A/cattle/WY/24-016134-229-original/2024_H5N1|PQ052602.1|2024-04-29, A/cattle/WY/24-016134-231-original/2024_H5N1|PQ052610.1|2024-04-29, A/cattle/WY/24-016134-232-original/2024_H5N1|PQ052618.1|2024-04-29, A/cattle/WY/24-016134-233-original/2024_H5N1|PQ052626.1|2024-04-29, A/cattle/WY/24-016134-234-original/2024_H5N1|PQ052634.1|2024-04-29, A/cattle/WY/24-016134-235-original/2024_H5N1|PQ052642.1|2024-04-29, A/cattle/WY/24-016134-238-original/2024_H5N1|PQ052650.1|2024-04-29, A/cattle/WY/24-016134-242-original/2024_H5N1|PQ052658.1|2024-04-29, A/cattle/WY/24-016134-243-original/2024_H5N1|PQ052666.1|2024-04-29, A/cattle/WY/24-016134-244-original/2024_H5N1|PQ052674.1|2024-04-29, A/cattle/WY/24-016134-247-original/2024_H5N1|PQ052682.1|2024-04-29, A/cattle/WY/24-016134-252-original/2024_H5N1|PQ052690.1|2024-04-29, A/cattle/WY/24-016134-253-original/2024_H5N1|PQ052698.1|2024-04-29, A/cattle/WY/24-016134-259-original/2024_H5N1|PQ052706.1|2024-04-29, A/cattle/WY/24-016134-261-original/2024_H5N1|PQ052714.1|2024-04-29, A/dairy_cow/Kansas/SM-3/2024_H5N1|PQ075947.1|2024-04-29	2024.325
2024.325	1.000	0.007	E30K, L131Q, A156E, T211I	E24K, L122Q, A144E, T199I	E14K, L115Q, A140E, T195I	0.285	1.169	0.077	0.317	0.865	1.013	-0.255	0.000	2	A/cattle/WY/24-016134-011-original/2024_H5N1|PQ052386.1|2024-04-29, A/cattle/WY/24-016134-223-original/2024_H5N1|PQ052578.1|2024-04-29	2024.325
2024.328	1.000	0.005	L131Q, A156E, T211I	L122Q, A144E, T199I	L115Q, A140E, T195I	0.285	0.711	0.016	0.256	0.848	0.996	-0.199	0.000	11	A/Cattle/USA/24-015975-015_HA/2024|SRR29455632|2024-04-30, A/cattle/TX/24-015975-002-original/2024_H5N1|PQ052250.1|2024-04-30, A/cattle/TX/24-015975-003-original/2024_H5N1|PQ052258.1|2024-04-30, A/cattle/TX/24-015975-005-original/2024_H5N1|PQ052266.1|2024-04-30, A/cattle/TX/24-015975-007-original/2024_H5N1|PQ052274.1|2024-04-30, A/cattle/TX/24-015975-008-original/2024_H5N1|PQ052282.1|2024-04-30, A/cattle/TX/24-015975-009-original/2024_H5N1|PQ052290.1|2024-04-30, A/cattle/TX/24-015975-010-original/2024_H5N1|PQ052298.1|2024-04-30, A/cattle/TX/24-015975-016-original/2024_H5N1|PQ052306.1|2024-04-30, A/cattle/TX/24-015975-017-original/2024_H5N1|PQ052314.1|2024-04-30, A/cattle/TX/24-015975-019-original/2024_H5N1|PQ052322.1|2024-04-30	2024.328
2024.331	1.000	0.005	L131Q, A156E, T211I	L122Q, A144E, T199I	L115Q, A140E, T195I	0.285	0.711	0.016	0.256	0.848	0.996	-0.199	0.000	3	A/Cattle/Idaho/24-013170-006-original/2024_H5N1|PQ011531.1|2024-05-01, A/Cattle/Idaho/24-013170-011-original/2024_H5N1|PQ011539.1|2024-05-01, A/Cattle/Idaho/24-013170-012-original/2024_H5N1|PQ011075.1|2024-05-01	2024.331
2024.336	1.000	0.005	L131Q, A156E, T211I	L122Q, A144E, T199I	L115Q, A140E, T195I	0.285	0.711	0.016	0.256	0.848	0.996	-0.199	0.000	2	A/cattle/MI/24-013395-001-original/2024_H5N1|PQ288107.1|2024-05-03, A/cattle/MI/24-013395-002-original/2024_H5N1|PQ288115.1|2024-05-03	2024.336
2024.350	1.000	0.005	L131Q, A156E, T211I	L122Q, A144E, T199I	L115Q, A140E, T195I	0.285	0.711	0.016	0.256	0.848	0.996	-0.199	0.000	2	A/cattle/MI/24-014001-001-original/2024_H5N1|PQ328792.1|2024-05-08, A/cattle/MI/24-014001-004-original/2024_H5N1|PQ328808.1|2024-05-08	2024.350
2024.350	1.000	0.007	L131Q, E142G, A156E, T211I	L122Q, E131G, A144E, T199I	L115Q, E126G, A140E, T195I	0.285	0.711	0.016	0.256	0.848	0.996	-0.199	0.000	1	A/cattle/MI/24-014001-002-original/2024_H5N1|PQ328800.1|2024-05-08	2024.350
2024.361	1.000	0.005	L131Q, A156E, T211I	L122Q, A144E, T199I	L115Q, A140E, T195I	0.285	0.711	0.016	0.256	0.848	0.996	-0.199	0.000	8	A/cattle/ID/24-014338-002-original/2024_H5N1|PQ051642.1|2024-05-12, A/cattle/ID/24-014338-003-original/2024_H5N1|PQ051650.1|2024-05-12, A/cattle/ID/24-014338-004-original/2024_H5N1|PQ051658.1|2024-05-12, A/cattle/ID/24-014338-005-original/2024_H5N1|PQ051666.1|2024-05-12, A/cattle/ID/24-014338-006-original/2024_H5N1|PQ051674.1|2024-05-12, A/cattle/ID/24-014338-007-original/2024_H5N1|PQ051682.1|2024-05-12, A/cattle/ID/24-014338-008-original/2024_H5N1|PQ051690.1|2024-05-12, A/cattle/ID/24-014338-009-original/2024_H5N1|PQ051698.1|2024-05-12	2024.361
2024.363	1.000	0.005	L131Q, A156E, T211I	L122Q, A144E, T199I	L115Q, A140E, T195I	0.285	0.711	0.016	0.256	0.848	0.996	-0.199	0.000	11	A/cattle/ID/24-014336-001-original/2024_H5N1|PQ051546.1|2024-05-13, A/cattle/ID/24-014336-002-original/2024_H5N1|PQ051554.1|2024-05-13, A/cattle/ID/24-014336-003-original/2024_H5N1|PQ051562.1|2024-05-13, A/cattle/ID/24-014336-006-original/2024_H5N1|PQ051578.1|2024-05-13, A/cattle/ID/24-014336-007-original/2024_H5N1|PQ051586.1|2024-05-13, A/cattle/ID/24-014336-008-original/2024_H5N1|PQ051594.1|2024-05-13, A/cattle/ID/24-014336-010-original/2024_H5N1|PQ051602.1|2024-05-13, A/cattle/ID/24-014336-011-original/2024_H5N1|PQ051610.1|2024-05-13, A/cattle/ID/24-014336-012-original/2024_H5N1|PQ051618.1|2024-05-13, A/cattle/ID/24-014336-013-original/2024_H5N1|PQ051626.1|2024-05-13, A/cattle/ID/24-014336-014-original/2024_H5N1|PQ051634.1|2024-05-13	2024.363
2024.363	1.000	0.007	L131Q, A156E, T211I, S372N	L122Q, A144E, T199I, S356N	L115Q, A140E, T195I, S356N	0.475	0.193	-0.008	0.256	0.867	1.015	-0.249	0.000	1	A/cattle/ID/24-014336-004-original/2024_H5N1|PQ051570.1|2024-05-13	2024.363
2024.366	1.000	0.005	L131Q, A156E, T211I	L122Q, A144E, T199I	L115Q, A140E, T195I	0.285	0.711	0.016	0.256	0.848	0.996	-0.199	0.000	2	A/cattle/SD/24-014510-003-original/2024_H5N1|PQ109591.1|2024-05-14, A/cattle/SD/24-014510-007-original/2024_H5N1|PQ109599.1|2024-05-14	2024.366
2024.369	1.000	0.007	L131Q, A156E, T211I, V521M	L122Q, A144E, T199I, V505M	L115Q, A140E, T195I, V505M	0.285	-0.627	0.148	0.388	1.132	1.280	-0.170	0.029	2	A/cattle/MI/24-014883-005-original/2024_H5N1|PQ274798.1|2024-05-15, A/cattle/MI/24-014883-006-original/2024_H5N1|PQ274806.1|2024-05-15	2024.369
2024.369	1.000	0.009	L131Q, A156E, A172T, T211I, V521M	L122Q, A144E, A160T, T199I, V505M	L115Q, A140E, A156T, T195I, V505M	0.393	-0.302	2.405	2.645	2.013	2.161	-0.251	0.029	2	A/cattle/MI/24-014883-002-original/2024_H5N1|PQ274782.1|2024-05-15, A/cattle/MI/24-014883-003-original/2024_H5N1|PQ274790.1|2024-05-15	2024.369
2024.372	1.000	0.005	L131Q, A156E, T211I	L122Q, A144E, T199I	L115Q, A140E, T195I	0.285	0.711	0.016	0.256	0.848	0.996	-0.199	0.000	3	A/Cattle/Idaho/24-014769-001-original/2024_H5N1|PQ011547.1|2024-05-16, A/Cattle/Idaho/24-014769-002-original/2024_H5N1|PQ011555.1|2024-05-16, A/Cattle/Idaho/24-014769-003-original/2024_H5N1|PQ011131.1|2024-05-16	2024.372
2024.374	1.000	0.005	L131Q, A156E, T211I	L122Q, A144E, T199I	L115Q, A140E, T195I	0.285	0.711	0.016	0.256	0.848	0.996	-0.199	0.000	1	A/cattle/ID/24-014767-003-original/2024_H5N1|PQ051706.1|2024-05-17	2024.374
2024.380	1.000	0.005	L131Q, A156E, T211I	L122Q, A144E, T199I	L115Q, A140E, T195I	0.285	0.711	0.016	0.256	0.848	0.996	-0.199	0.000	3	A/cattle/ID/24-015195-001-original/2024_H5N1|PQ051714.1|2024-05-19, A/cattle/ID/24-015195-002-original/2024_H5N1|PQ051722.1|2024-05-19, A/cattle/ID/24-015195-003-original/2024_H5N1|PQ051730.1|2024-05-19	2024.380
2024.380	1.000	0.007	L131Q, A156E, T211I, H289R	L122Q, A144E, T199I, H276R	L115Q, A140E, T195I, H273R	0.736	0.497	0.047	0.287	0.853	1.001	-0.206	0.000	1	A/cattle/ID/24-015195-004-original/2024_H5N1|PQ051738.1|2024-05-19	2024.380
2024.383	1.000	0.005	L131Q, A156E, T211I	L122Q, A144E, T199I	L115Q, A140E, T195I	0.285	0.711	0.016	0.256	0.848	0.996	-0.199	0.000	17	A/Cattle/Colorado/24-014901-001-original/2024_H5N1|PQ011259.1|2024-05-20, A/Cattle/Colorado/24-014901-002-original/2024_H5N1|PQ011267.1|2024-05-20, A/Cattle/Colorado/24-014901-003-original/2024_H5N1|PQ011275.1|2024-05-20, A/Cattle/Colorado/24-014901-005-original/2024_H5N1|PQ011283.1|2024-05-20, A/Cattle/Colorado/24-014901-007-original/2024_H5N1|PQ011291.1|2024-05-20, A/Cattle/Colorado/24-014901-008-original/2024_H5N1|PQ011299.1|2024-05-20, A/Cattle/Colorado/24-014901-009-original/2024_H5N1|PQ011139.1|2024-05-20, A/cattle/ID/24-015196-002-original/2024_H5N1|PQ051746.1|2024-05-20, A/cattle/ID/24-015196-003-original/2024_H5N1|PQ051754.1|2024-05-20, A/cattle/ID/24-015196-005-original/2024_H5N1|PQ051762.1|2024-05-20, A/cattle/ID/24-015196-006-original/2024_H5N1|PQ051770.1|2024-05-20, A/cattle/ID/24-015196-008-original/2024_H5N1|PQ051778.1|2024-05-20, A/cattle/ID/24-015196-009-original/2024_H5N1|PQ051786.1|2024-05-20, A/cattle/ID/24-015196-010-original/2024_H5N1|PQ051794.1|2024-05-20, A/cattle/ID/24-015196-011-original/2024_H5N1|PQ051802.1|2024-05-20, A/cattle/ID/24-015196-013-original/2024_H5N1|PQ051818.1|2024-05-20, A/cattle/ID/24-015196-014-original/2024_H5N1|PQ051826.1|2024-05-20	2024.383
2024.383	1.000	0.007	N100D, L131Q, A156E, T211I	N92D, L122Q, A144E, T199I	N84D, L115Q, A140E, T195I	0.285	0.849	0.040	0.280	0.975	1.123	-0.199	0.000	1	A/cattle/ID/24-015196-012-original/2024_H5N1|PQ051810.1|2024-05-20	2024.383
2024.385	1.000	0.005	L131Q, A156E, T211I	L122Q, A144E, T199I	L115Q, A140E, T195I	0.285	0.711	0.016	0.256	0.848	0.996	-0.199	0.000	4	A/cattle/SD/24-015059-001-original/2024_H5N1|PQ109607.1|2024-05-21, A/cattle/SD/24-015059-002-original/2024_H5N1|PQ109615.1|2024-05-21, A/cattle/SD/24-015059-003-original/2024_H5N1|PQ109623.1|2024-05-21, A/cattle/SD/24-015059-004-original/2024_H5N1|PQ109631.1|2024-05-21	2024.385
2024.388	1.000	0.005	L131Q, A156E, T211I	L122Q, A144E, T199I	L115Q, A140E, T195I	0.285	0.711	0.016	0.256	0.848	0.996	-0.199	0.000	5	A/cattle/SD/24-015643-002-original/2024_H5N1|PQ109639.1|2024-05-22, A/cattle/SD/24-015643-004-original/2024_H5N1|PQ109647.1|2024-05-22, A/cattle/SD/24-015643-005-original/2024_H5N1|PQ109655.1|2024-05-22, A/cattle/SD/24-015643-006-original/2024_H5N1|PQ109663.1|2024-05-22, A/cattle/SD/24-017898-001-original/2024_H5N1|PQ220768.1|2024-05-22	2024.388
2024.388	1.000	0.007	V40I, L131Q, A156E, T211I	V34I, L122Q, A144E, T199I	V24I, L115Q, A140E, T195I	0.285	-0.427	0.016	0.256	0.848	0.996	-0.199	0.000	1	A/cattle/SD/24-015643-007-original/2024_H5N1|PQ109671.1|2024-05-22	2024.388
2024.393	1.000	0.005	L131Q, A156E, T211I	L122Q, A144E, T199I	L115Q, A140E, T195I	0.285	0.711	0.016	0.256	0.848	0.996	-0.199	0.000	17	A/cattle/ID/24-015670-001-original/2024_H5N1|PQ051834.1|2024-05-24, A/cattle/ID/24-015674-002-original-repeat2/2024_H5N1|PQ274774.1|2024-05-24, A/cattle/ID/24-015675-001-original/2024_H5N1|PQ051842.1|2024-05-24, A/cattle/ID/24-015675-002-original/2024_H5N1|PQ051850.1|2024-05-24, A/cattle/ID/24-015675-004-original/2024_H5N1|PQ051858.1|2024-05-24, A/cattle/SD/24-017898-002-original/2024_H5N1|PQ220776.1|2024-05-24, A/cattle/TX/24-015973-007-original/2024_H5N1|PQ052146.1|2024-05-24, A/cattle/TX/24-015973-008-original/2024_H5N1|PQ052154.1|2024-05-24, A/cattle/TX/24-015973-012-original/2024_H5N1|PQ052170.1|2024-05-24, A/cattle/TX/24-015973-014-original/2024_H5N1|PQ052178.1|2024-05-24, A/cattle/TX/24-015973-017-original/2024_H5N1|PQ052186.1|2024-05-24, A/cattle/TX/24-015973-021-original/2024_H5N1|PQ052202.1|2024-05-24, A/cattle/TX/24-015973-026-original/2024_H5N1|PQ052210.1|2024-05-24, A/cattle/TX/24-015973-027-original/2024_H5N1|PQ052218.1|2024-05-24, A/cattle/TX/24-015973-028-original/2024_H5N1|PQ052226.1|2024-05-24, A/cattle/TX/24-015973-029-original/2024_H5N1|PQ052234.1|2024-05-24, A/cattle/TX/24-015973-034-original/2024_H5N1|PQ052242.1|2024-05-24	2024.393
2024.393	1.000	0.007	L131Q, A156E, K177R, T211I	L122Q, A144E, K165R, T199I	L115Q, A140E, K161R, T195I	0.561	1.500	-0.077	0.256	0.791	0.996	-0.222	0.000	1	A/cattle/TX/24-015973-009-original/2024_H5N1|PQ052162.1|2024-05-24	2024.393
2024.393	1.000	0.007	L131Q, A156E, T211I, Y486H	L122Q, A144E, T199I, Y470H	L115Q, A140E, T195I, Y470H	0.285	0.711	-0.026	0.256	0.719	0.996	-0.199	0.000	1	A/cattle/TX/24-015973-018-original/2024_H5N1|PQ052194.1|2024-05-24	2024.393
2024.402	1.000	0.005	L131Q, A156E, T211I	L122Q, A144E, T199I	L115Q, A140E, T195I	0.285	0.711	0.016	0.256	0.848	0.996	-0.199	0.000	3	A/cattle/ID/24-015676-001-original/2024_H5N1|PQ051866.1|2024-05-27, A/cattle/ID/24-015676-002-original/2024_H5N1|PQ051874.1|2024-05-27, A/cattle/ID/24-015676-003-original/2024_H5N1|PQ051882.1|2024-05-27	2024.402
2024.404	1.000	0.005	L131Q, A156E, T211I	L122Q, A144E, T199I	L115Q, A140E, T195I	0.285	0.711	0.016	0.256	0.848	0.996	-0.199	0.000	7	A/cattle/ID/24-015978-001-original/2024_H5N1|PQ051890.1|2024-05-28, A/cattle/ID/24-015978-002-original/2024_H5N1|PQ051898.1|2024-05-28, A/cattle/ID/24-015978-003-original/2024_H5N1|PQ051906.1|2024-05-28, A/cattle/ID/24-015978-004-original/2024_H5N1|PQ051914.1|2024-05-28, A/cattle/TX/24-016337-001-original/2024_H5N1|PQ052338.1|2024-05-28, A/cattle/TX/24-016337-002-original/2024_H5N1|PQ052346.1|2024-05-28, A/cattle/TX/24-016337-003-original/2024_H5N1|PQ052354.1|2024-05-28	2024.404
2024.404	1.000	0.007	I67L, L131Q, A156E, T211I	I60L, L122Q, A144E, T199I	I51L, L115Q, A140E, T195I	0.285	0.711	0.016	0.256	0.848	0.996	-0.199	0.000	1	A/cattle/TX/24-016191-001-original/2024_H5N1|PQ052330.1|2024-05-28	2024.404
2024.410	1.000	0.005	L131Q, A156E, T211I	L122Q, A144E, T199I	L115Q, A140E, T195I	0.285	0.711	0.016	0.256	0.848	0.996	-0.199	0.000	21	A/cattle/ID/24-016437-003-original/2024_H5N1|PQ109399.1|2024-05-30, A/cattle/ID/24-016437-004-original/2024_H5N1|PQ109407.1|2024-05-30, A/cattle/ID/24-016437-005-original/2024_H5N1|PQ109415.1|2024-05-30, A/cattle/ID/24-016437-007-original/2024_H5N1|PQ109423.1|2024-05-30, A/cattle/ID/24-016437-008-original/2024_H5N1|PQ109431.1|2024-05-30, A/cattle/ID/24-016437-010-original/2024_H5N1|PQ109447.1|2024-05-30, A/cattle/ID/24-016437-011-original/2024_H5N1|PQ109455.1|2024-05-30, A/cattle/ID/24-016437-014-original/2024_H5N1|PQ109463.1|2024-05-30, A/cattle/ID/24-016437-017-original/2024_H5N1|PQ109471.1|2024-05-30, A/cattle/ID/24-016437-019-original/2024_H5N1|PQ109479.1|2024-05-30, A/cattle/ID/24-016437-020-original/2024_H5N1|PQ109487.1|2024-05-30, A/cattle/ID/24-016437-021-original/2024_H5N1|PQ109495.1|2024-05-30, A/cattle/ID/24-016437-022-original/2024_H5N1|PQ109503.1|2024-05-30, A/cattle/ID/24-016437-023-original/2024_H5N1|PQ109511.1|2024-05-30, A/cattle/ID/24-016437-029-original/2024_H5N1|PQ109519.1|2024-05-30, A/cattle/ID/24-016437-031-original/2024_H5N1|PQ109527.1|2024-05-30, A/cattle/ID/24-016437-032-original/2024_H5N1|PQ109535.1|2024-05-30, A/cattle/ID/24-016437-034-original/2024_H5N1|PQ109543.1|2024-05-30, A/cattle/ID/24-016437-037-original/2024_H5N1|PQ109551.1|2024-05-30, A/cattle/ID/24-016437-040-original/2024_H5N1|PQ051922.1|2024-05-30, A/cattle/ID/24-016437-041-original/2024_H5N1|PQ051930.1|2024-05-30	2024.410
2024.410	1.000	0.007	L131Q, A156E, N181S, T211I	L122Q, A144E, N169S, T199I	L115Q, A140E, N165S, T195I	0.285	-0.038	0.302	0.542	0.953	1.101	-0.225	0.000	1	A/cattle/ID/24-016437-009-original/2024_H5N1|PQ109439.1|2024-05-30	2024.410
2024.421	1.000	0.005	L131Q, A156E, T211I	L122Q, A144E, T199I	L115Q, A140E, T195I	0.285	0.711	0.016	0.256	0.848	0.996	-0.199	0.000	7	A/cattle/IA/24-016252-002-original/2024_H5N1|PQ051498.1|2024-06-03, A/cattle/IA/24-016252-005-original/2024_H5N1|PQ051514.1|2024-06-03, A/cattle/IA/24-016252-006-original/2024_H5N1|PQ051522.1|2024-06-03, A/cattle/IA/24-016252-008-original/2024_H5N1|PQ051530.1|2024-06-03, A/cattle/IA/24-016252-010-original/2024_H5N1|PQ051538.1|2024-06-03, A/cattle/ID/24-016567-001-original/2024_H5N1|PQ109559.1|2024-06-03, A/cattle/ID/24-016568-001-original-repeat2/2024_H5N1|PQ220672.1|2024-06-03	2024.421
2024.421	1.000	0.007	L131Q, A156E, T211I, K250E	L122Q, A144E, T199I, K238E	L115Q, A140E, T195I, K234E	0.285	0.711	0.016	0.256	0.848	0.996	-0.199	0.000	1	A/cattle/IA/24-016252-003-original/2024_H5N1|PQ051506.1|2024-06-03	2024.421
2024.421	1.000	0.007	L131Q, T143A, A156E, T211I	L122Q, T132A, A144E, T199I	L115Q, T127A, A140E, T195I	0.285	0.711	0.016	0.256	0.848	0.996	-0.199	0.000	18	A/cattle/MN/24-016288-001-original/2024_H5N1|PQ051938.1|2024-06-03, A/cattle/MN/24-016288-002-original/2024_H5N1|PQ051946.1|2024-06-03, A/cattle/MN/24-016288-003-original/2024_H5N1|PQ051954.1|2024-06-03, A/cattle/MN/24-016288-004-original/2024_H5N1|PQ051962.1|2024-06-03, A/cattle/MN/24-016288-006-original/2024_H5N1|PQ051970.1|2024-06-03, A/cattle/MN/24-016288-007-original/2024_H5N1|PQ051978.1|2024-06-03, A/cattle/MN/24-016288-008-original/2024_H5N1|PQ051986.1|2024-06-03, A/cattle/MN/24-016288-010-original/2024_H5N1|PQ051994.1|2024-06-03, A/cattle/MN/24-016288-011-original/2024_H5N1|PQ052002.1|2024-06-03, A/cattle/MN/24-016288-012-original/2024_H5N1|PQ052010.1|2024-06-03, A/cattle/MN/24-016288-013-original/2024_H5N1|PQ052018.1|2024-06-03, A/cattle/MN/24-016288-014-original/2024_H5N1|PQ052026.1|2024-06-03, A/cattle/MN/24-016288-015-original/2024_H5N1|PQ052034.1|2024-06-03, A/cattle/MN/24-016511-001-original/2024_H5N1|PQ052074.1|2024-06-03, A/cattle/MN/24-016511-002-original/2024_H5N1|PQ052082.1|2024-06-03, A/cattle/MN/24-016511-003-original/2024_H5N1|PQ052090.1|2024-06-03, A/cattle/MN/24-016511-005-original/2024_H5N1|PQ052098.1|2024-06-03, A/cattle/MN/24-016511-006-original/2024_H5N1|PQ052106.1|2024-06-03	2024.421
2024.421	1.000	0.007	Q18H, L131Q, A156E, T211I	Q12H, L122Q, A144E, T199I	Q2H, L115Q, A140E, T195I	0.285	0.333	0.062	0.302	0.961	1.109	-0.233	0.000	1	A/cattle/IA/24-016252-001-original/2024_H5N1|PQ051490.1|2024-06-03	2024.421
2024.423	1.000	0.005	L131Q, A156E, T211I	L122Q, A144E, T199I	L115Q, A140E, T195I	0.285	0.711	0.016	0.256	0.848	0.996	-0.199	0.000	30	A/cattle/MN/24-016523-001-original/2024_H5N1|PQ052114.1|2024-06-04, A/cattle/MN/24-016523-002-original/2024_H5N1|PQ052122.1|2024-06-04, A/cattle/MN/24-016523-003-original/2024_H5N1|PQ135549.1|2024-06-04, A/cattle/MN/24-016523-004-original/2024_H5N1|PQ135557.1|2024-06-04, A/cattle/MN/24-016523-005-original/2024_H5N1|PQ135565.1|2024-06-04, A/cattle/MN/24-016523-006-original/2024_H5N1|PQ135573.1|2024-06-04, A/cattle/MN/24-016523-007-original/2024_H5N1|PQ135581.1|2024-06-04, A/cattle/MN/24-016523-008-original/2024_H5N1|PQ135589.1|2024-06-04, A/cattle/MN/24-016523-009-original/2024_H5N1|PQ135597.1|2024-06-04, A/cattle/MN/24-016523-010-original/2024_H5N1|PQ135605.1|2024-06-04, A/cattle/MN/24-016523-011-original/2024_H5N1|PQ135613.1|2024-06-04, A/cattle/MN/24-016523-012-original/2024_H5N1|PQ135621.1|2024-06-04, A/cattle/MN/24-016523-013-original/2024_H5N1|PQ135629.1|2024-06-04, A/cattle/MN/24-016523-014-original/2024_H5N1|PQ135637.1|2024-06-04, A/cattle/MN/24-016523-015-original/2024_H5N1|PQ135645.1|2024-06-04, A/cattle/MN/24-016523-016-original/2024_H5N1|PQ135653.1|2024-06-04, A/cattle/MN/24-016523-018-original/2024_H5N1|PQ135661.1|2024-06-04, A/cattle/MN/24-016523-019-original/2024_H5N1|PQ135669.1|2024-06-04, A/cattle/MN/24-016523-020-original/2024_H5N1|PQ135677.1|2024-06-04, A/cattle/MN/24-016523-021-original/2024_H5N1|PQ135685.1|2024-06-04, A/cattle/MN/24-016523-022-original/2024_H5N1|PQ135693.1|2024-06-04, A/cattle/MN/24-016523-023-original/2024_H5N1|PQ135701.1|2024-06-04, A/cattle/MN/24-016523-024-original/2024_H5N1|PQ135709.1|2024-06-04, A/cattle/MN/24-016523-025-original/2024_H5N1|PQ135717.1|2024-06-04, A/cattle/MN/24-016523-026-original/2024_H5N1|PQ135725.1|2024-06-04, A/cattle/MN/24-016523-027-original/2024_H5N1|PQ135733.1|2024-06-04, A/cattle/MN/24-016523-028-original/2024_H5N1|PQ135741.1|2024-06-04, A/cattle/MN/24-016523-029-original/2024_H5N1|PQ135749.1|2024-06-04, A/cattle/TX/24-016681-002-original/2024_H5N1|PQ109687.1|2024-06-04, A/cattle/TX/24-016681-004-original/2024_H5N1|PQ109695.1|2024-06-04	2024.423
2024.423	1.000	0.007	L131Q, T143A, A156E, T211I	L122Q, T132A, A144E, T199I	L115Q, T127A, A140E, T195I	0.285	0.711	0.016	0.256	0.848	0.996	-0.199	0.000	14	A/cattle/MN/24-016370-002-original/2024_H5N1|PQ135453.1|2024-06-04, A/cattle/MN/24-016370-003-original/2024_H5N1|PQ135461.1|2024-06-04, A/cattle/MN/24-016370-005-original/2024_H5N1|PQ135477.1|2024-06-04, A/cattle/MN/24-016370-007-original/2024_H5N1|PQ135485.1|2024-06-04, A/cattle/MN/24-016370-009-original/2024_H5N1|PQ135501.1|2024-06-04, A/cattle/MN/24-016370-010-original/2024_H5N1|PQ135509.1|2024-06-04, A/cattle/MN/24-016370-011-original/2024_H5N1|PQ135517.1|2024-06-04, A/cattle/MN/24-016370-012-original/2024_H5N1|PQ135525.1|2024-06-04, A/cattle/MN/24-016370-013-original/2024_H5N1|PQ135533.1|2024-06-04, A/cattle/MN/24-016370-014-original/2024_H5N1|PQ135541.1|2024-06-04, A/cattle/MN/24-016370-019-original/2024_H5N1|PQ052042.1|2024-06-04, A/cattle/MN/24-016370-020-original/2024_H5N1|PQ052050.1|2024-06-04, A/cattle/MN/24-016370-021-original/2024_H5N1|PQ052058.1|2024-06-04, A/cattle/MN/24-016370-022-original/2024_H5N1|PQ052066.1|2024-06-04	2024.423
2024.423	1.000	0.009	L131Q, T143A, A156E, T211I, I531M	L122Q, T132A, A144E, T199I, I514M	L115Q, T127A, A140E, T195I, I515M	0.285	-0.157	-0.026	0.256	0.986	1.134	-0.237	0.000	1	A/cattle/MN/24-016370-004-original/2024_H5N1|PQ135469.1|2024-06-04	2024.423
2024.423	1.000	0.009	L131Q, T143A, A156E, T211I, M242I	L122Q, T132A, A144E, T199I, M230I	L115Q, T127A, A140E, T195I, M226I	0.285	-0.161	0.119	0.359	0.914	1.062	0.713	0.912	1	A/cattle/MN/24-016370-008-original/2024_H5N1|PQ135493.1|2024-06-04	2024.423
2024.429	1.000	0.005	L131Q, A156E, T211I	L122Q, A144E, T199I	L115Q, A140E, T195I	0.285	0.711	0.016	0.256	0.848	0.996	-0.199	0.000	3	A/cattle/CO/24-016671-005-original/2024_H5N1|PQ109383.1|2024-06-06, A/cattle/ID/24-017478-001-original/2024_H5N1|PQ135397.1|2024-06-06, A/cattle/ID/24-017478-005-original/2024_H5N1|PQ135413.1|2024-06-06	2024.429
2024.429	1.000	0.007	L131Q, A156E, D171G, T211I	L122Q, A144E, D159G, T199I	L115Q, A140E, D155G, T195I	0.833	0.370	1.042	1.282	1.132	1.280	-0.199	0.000	1	A/cattle/ID/24-017478-002-original/2024_H5N1|PQ135405.1|2024-06-06	2024.429
2024.429	1.000	0.007	L131Q, A156E, T211I, R472K	L122Q, A144E, T199I, R456K	L115Q, A140E, T195I, R456K	0.285	0.711	0.016	0.256	0.848	0.996	-0.199	0.000	3	A/cattle/ID/24-016688-001-original/2024_H5N1|PQ109567.1|2024-06-06, A/cattle/ID/24-016688-003-original/2024_H5N1|PQ109575.1|2024-06-06, A/cattle/ID/24-016688-006-original/2024_H5N1|PQ109583.1|2024-06-06	2024.429
2024.429	1.000	0.007	L131Q, A156E, T211I, V526I	L122Q, A144E, T199I, V510I	L115Q, A140E, T195I, V510I	0.285	1.235	0.016	0.256	0.848	0.996	-0.199	0.000	1	A/cattle/IA/24-016622-001-original/2024_H5N1|PQ109391.1|2024-06-06	2024.429
2024.440	1.000	0.005	L131Q, A156E, T211I	L122Q, A144E, T199I	L115Q, A140E, T195I	0.285	0.711	0.016	0.256	0.848	0.996	-0.199	0.000	1	A/cattle/ID/24-017489-002-original/2024_H5N1|PQ135445.1|2024-06-10	2024.440
2024.443	1.000	0.005	L131Q, A156E, T211I	L122Q, A144E, T199I	L115Q, A140E, T195I	0.285	0.711	0.016	0.256	0.848	0.996	-0.199	0.000	9	A/cattle/CO/24-017153-001-original/2024_H5N1|PQ168076.1|2024-06-11, A/cattle/CO/24-017153-003-original/2024_H5N1|PQ168084.1|2024-06-11, A/cattle/CO/24-017153-007-original/2024_H5N1|PQ168092.1|2024-06-11, A/cattle/CO/24-017153-009-original/2024_H5N1|PQ168100.1|2024-06-11, A/cattle/CO/24-017153-011-original/2024_H5N1|PQ168108.1|2024-06-11, A/cattle/CO/24-017153-014-original/2024_H5N1|PQ168116.1|2024-06-11, A/cattle/ID/24-017483-001-original/2024_H5N1|PQ135421.1|2024-06-11, A/cattle/ID/24-017483-002-original/2024_H5N1|PQ135429.1|2024-06-11, A/cattle/ID/24-017483-003-original/2024_H5N1|PQ135437.1|2024-06-11	2024.443
2024.443	1.000	0.007	L131Q, A156E, T211I, V526I	L122Q, A144E, T199I, V510I	L115Q, A140E, T195I, V510I	0.285	1.235	0.016	0.256	0.848	0.996	-0.199	0.000	1	A/cattle/IA/24-017583-001-original/2024_H5N1|PQ135269.1|2024-06-11	2024.443
2024.454	1.000	0.005	L131Q, A156E, T211I	L122Q, A144E, T199I	L115Q, A140E, T195I	0.285	0.711	0.016	0.256	0.848	0.996	-0.199	0.000	15	A/cattle/IA/24-017584-003-original/2024_H5N1|PQ135277.1|2024-06-15, A/cattle/IA/24-017584-004-original/2024_H5N1|PQ135285.1|2024-06-15, A/cattle/IA/24-017584-005-original/2024_H5N1|PQ135293.1|2024-06-15, A/cattle/IA/24-017584-006-original/2024_H5N1|PQ135301.1|2024-06-15, A/cattle/IA/24-017584-009-original/2024_H5N1|PQ135309.1|2024-06-15, A/cattle/IA/24-017584-010-original/2024_H5N1|PQ135317.1|2024-06-15, A/cattle/IA/24-017584-011-original/2024_H5N1|PQ135325.1|2024-06-15, A/cattle/IA/24-017584-012-original/2024_H5N1|PQ135333.1|2024-06-15, A/cattle/IA/24-017584-013-original/2024_H5N1|PQ135341.1|2024-06-15, A/cattle/IA/24-017584-014-original/2024_H5N1|PQ135349.1|2024-06-15, A/cattle/IA/24-017584-016-original/2024_H5N1|PQ135357.1|2024-06-15, A/cattle/IA/24-017584-017-original/2024_H5N1|PQ135365.1|2024-06-15, A/cattle/IA/24-017584-018-original/2024_H5N1|PQ135373.1|2024-06-15, A/cattle/IA/24-017584-019-original/2024_H5N1|PQ135381.1|2024-06-15, A/cattle/IA/24-017584-020-original/2024_H5N1|PQ135389.1|2024-06-15	2024.454
2024.464	1.000	0.005	L131Q, A156E, T211I	L122Q, A144E, T199I	L115Q, A140E, T195I	0.285	0.711	0.016	0.256	0.848	0.996	-0.199	0.000	1	A/dairy_cow/Colorado/mozzarella-061924-20/2024_H5N1|PQ162248.1|2024-06-19	2024.464
2024.464	1.000	0.007	L131Q, A156E, T211I, V526I	L122Q, A144E, T199I, V510I	L115Q, A140E, T195I, V510I	0.285	1.235	0.016	0.256	0.848	0.996	-0.199	0.000	1	A/cattle/IA/24-018277-001-original/2024_H5N1|PQ168124.1|2024-06-19	2024.464
2024.478	1.000	0.005	L131Q, A156E, T211I	L122Q, A144E, T199I	L115Q, A140E, T195I	0.285	0.711	0.016	0.256	0.848	0.996	-0.199	0.000	4	A/dairy_cow/Kentucky/whole_milk-062424-29/2024_H5N1|PQ162253.1|2024-06-24, A/dairy_cow/Texas/cheddar-062424-18/2024_H5N1|PQ162250.1|2024-06-24, A/dairy_cow/Texas/ice_cream-062424-22/2024_H5N1|PQ162252.1|2024-06-24, A/dairy_cow/Texas/mozzarella-062424-12/2024_H5N1|PQ162249.1|2024-06-24	2024.478
2024.478	1.000	0.007	L131Q, T143A, A156E, T211I	L122Q, T132A, A144E, T199I	L115Q, T127A, A140E, T195I	0.285	0.711	0.016	0.256	0.848	0.996	-0.199	0.000	1	A/dairy_cow/South_Dakota/cheddar-062424-20/2024_H5N1|PQ162251.1|2024-06-24	2024.478
2024.505	1.000	0.005	L131Q, A156E, T211I	L122Q, A144E, T199I	L115Q, A140E, T195I	0.285	0.711	0.016	0.256	0.848	0.996	-0.199	0.000	4	A/cattle/TX/24-019890-002-original/2024_H5N1|PQ220784.1|2024-07-04, A/cattle/TX/24-019890-004-original/2024_H5N1|PQ220792.1|2024-07-04, A/cattle/TX/24-019890-005-original/2024_H5N1|PQ220800.1|2024-07-04, A/cattle/TX/24-019890-007-original/2024_H5N1|PQ220816.1|2024-07-04	2024.505
2024.505	1.000	0.007	L131Q, A156E, T211I, A230T	L122Q, A144E, T199I, A218T	L115Q, A140E, T195I, A214T	0.285	0.244	0.001	0.256	0.924	1.072	-0.216	0.000	1	A/cattle/TX/24-019890-006-original/2024_H5N1|PQ220808.1|2024-07-04	2024.505
2024.519	1.000	0.005	L131Q, A156E, T211I	L122Q, A144E, T199I	L115Q, A140E, T195I	0.285	0.711	0.016	0.256	0.848	0.996	-0.199	0.000	4	A/dairy_cow/Idaho/mozzarella-070924-6/2024_H5N1|PQ162256.1|2024-07-09, A/dairy_cow/Idaho/mozzarella-070924-7/2024_H5N1|PQ162257.1|2024-07-09, A/dairy_cow/Idaho/whole_milk-070924-1/2024_H5N1|PQ162254.1|2024-07-09, A/dairy_cow/Idaho/whole_milk-070924-2/2024_H5N1|PQ162255.1|2024-07-09	2024.519
2024.560	1.000	0.005	L131Q, A156E, T211I	L122Q, A144E, T199I	L115Q, A140E, T195I	0.285	0.711	0.016	0.256	0.848	0.996	-0.199	0.000	4	A/dairy_cow/Idaho/mozzarella-072424-7/2024_H5N1|PQ162262.1|2024-07-24, A/dairy_cow/Idaho/mozzarella-072424-8/2024_H5N1|PQ162263.1|2024-07-24, A/dairy_cow/Idaho/whole_milk-072424-2/2024_H5N1|PQ162259.1|2024-07-24, A/dairy_cow/Idaho/whole_milk-072424-4/2024_H5N1|PQ162260.1|2024-07-24	2024.560
2024.560	1.000	0.007	L131Q, A156E, A172T, T211I	L122Q, A144E, A160T, T199I	L115Q, A140E, A156T, T195I	0.393	1.036	2.273	2.513	1.729	1.877	-0.280	0.000	1	A/dairy_cow/Idaho/2%_milk-072424-5/2024_H5N1|PQ162261.1|2024-07-24	2024.560
2024.560	1.000	0.009	L131Q, A156E, A172T, T211I, A226T	L122Q, A144E, A160T, T199I, A214T	L115Q, A140E, A156T, T195I, A210T	0.393	1.110	2.036	2.513	1.699	1.877	-0.148	0.132	1	A/dairy_cow/Idaho/low_fat_milk-072424-1/2024_H5N1|PQ162258.1|2024-07-24	2024.560
2024.574	1.000	0.007	K51R, L131Q, A156E, T211I	K45R, L122Q, A144E, T199I	K35R, L115Q, A140E, T195I	0.285	0.485	-0.075	0.256	0.771	0.996	0.419	0.618	1	A/cattle/CO/24-022160-001-original/2024_H5N1|PQ328784.1|2024-07-29	2024.574
